I was relieved when the appointment was finally checked.	Ich war erleichtert, als der Termin endlich überprüft wurde.
Could you please check whether the prescription is still available?	Könntest du bitte prüfen, ob das Rezept noch verfügbar ist?
If the discount code becomes reliable, we should discuss it immediately.	Wenn der Rabattcode zuverlässig wird, sollten wir es sofort besprechen.
I would have called earlier if the security deposit had not been so temporary.	Ich hätte früher angerufen, wenn die Kaution nicht so vorübergehend gewesen wäre.
By the time we arrived, the application form had already been saved.	Als wir ankamen, war der Antrag bereits gespeichert worden.
Nobody expected the invitation to be this misleading during the phone call.	Niemand hatte erwartet, dass die Einladung während des Telefonats so irreführend sein würde.
Please make sure that the booking confirmation has been attached before tomorrow.	Bitte stell sicher, dass die Buchungsbestätigung vor morgen angehängt wurde.
The more I thought about the appointment, the more flexible it seemed.	Je mehr ich über den Termin nachdachte, desto flexibel wirkte er.
It is important that the prescription not be ignored just because it seems reasonable.	Es ist wichtig, dass das Rezept nicht ignoriert wird, nur weil es vernünftig wirkt.
I am not sure whether the discount code should be attached today.	Ich bin mir nicht sicher, ob der Rabattcode heute angehängt werden sollte.
My neighbor promised to call me as soon as the utility meter became available.	Mein Nachbar versprach, mich anzurufen, sobald der Zähler verfügbar wurde.
It turns out that the electricity bill was less reliable than we feared.	Es stellte sich heraus, dass die Stromrechnung weniger zuverlässig war, als wir befürchtet hatten.
The delivery driver suggested that the invitation be translated before anyone complains.	Der Lieferfahrer schlug vor, dass die Einladung übersetzt wird, bevor sich jemand beschwert.
Whether or not the booking confirmation is convenient, we need a clear answer.	Ob die Buchungsbestätigung praktisch ist oder nicht, wir brauchen eine klare Antwort.
Do not forget to mention that the appointment has already been organized.	Vergiss nicht zu erwähnen, dass der Termin bereits organisiert wurde.
I wish the weekly schedule were less complicated, especially at the doctor's office.	Ich wünschte, der Wochenplan wäre weniger kompliziert, besonders in der Arztpraxis.
The fact that the package delivery is flexible does not mean it is useless.	Die Tatsache, dass die Paketlieferung flexibel ist, bedeutet nicht, dass sie nutzlos ist.
No matter how reasonable the utility meter seems, we should read it carefully.	Egal wie vernünftig der Zähler wirkt, wir sollten alles sorgfältig lesen.
It would be easier if the electricity bill were not quite so confusing.	Es wäre einfacher, wenn die Stromrechnung nicht ganz so verwirrend wäre.
Before she leaves, the invitation must be prepared.	Bevor sie geht, muss die Einladung vorbereitet werden.
It sounds as if the refund had been cancelled too late.	Es klingt, als wäre die Rückerstattung zu spät storniert worden.
The sooner the receipt is scanned, the easier the situation will be.	Je früher die Quittung eingescannt wird, desto einfacher wird die Situation sein.
Unless the weekly schedule is prepared today, I will have to complain.	Wenn der Wochenplan heute nicht vorbereitet wird, muss ich mich beschweren.
I cannot decide whether the package delivery is useful or merely misleading.	Ich kann nicht entscheiden, ob die Paketlieferung nützlich oder nur irreführend ist.
Because the utility meter had been received, everyone could relax.	Weil der Zähler erhalten worden war, konnten sich alle entspannen.
It remains unclear whether the phone charger was ever ordered.	Es bleibt unklar, ob das Ladegerät jemals bestellt wurde.
The customer insisted that the password be replaced immediately.	Der Kunde bestand darauf, dass das Passwort sofort ersetzt wird.
The document says that the refund must be sent within two weeks.	Das Dokument besagt, dass die Rückerstattung innerhalb von zwei Wochen geschickt werden muss.
Once the receipt has been ordered, everything should be easier.	Sobald die Quittung bestellt wurde, sollte alles einfacher sein.
Until the weekly schedule has been replaced, we should not make a decision.	Bis der Wochenplan ersetzt wurde, sollten wir keine Entscheidung treffen.
Our team asked me to look at the health insurance card because it seemed temporary.	Unser Team bat mich, mir die Versichertenkarte anzusehen, weil sie vorübergehend wirkte.
I forgot where I put the replacement part, although I used it as soon as possible.	Ich habe vergessen, wohin ich das Ersatzteil gelegt habe, obwohl ich es so schnell wie möglich benutzt habe.
The problem is that the phone charger was checked without asking anyone.	Das Problem ist, dass das Ladegerät überprüft wurde, ohne jemanden zu fragen.
Had I known that the password was complicated, I would have waited.	Hätte ich gewusst, dass das Passwort kompliziert war, hätte ich gewartet.
I am trying to find out why the refund became so flexible.	Ich versuche herauszufinden, warum die Rückerstattung so flexibel geworden ist.
We should keep the warranty in case it becomes important later.	Wir sollten die Garantie aufbewahren, falls sie später wichtig wird.
The manager has trouble explaining why the rental contract is considered confusing.	Die Managerin hat Schwierigkeiten zu erklären, warum der Mietvertrag als verwirrend gilt.
I was told that the health insurance card needed to be explained immediately.	Mir wurde gesagt, dass die Versichertenkarte sofort erklärt werden musste.
Whenever the replacement part seems reliable, I double-check the details.	Wann immer das Ersatzteil zuverlässig wirkt, prüfe ich die Details noch einmal.
The answer depends on whether the phone charger is considered temporary.	Die Antwort hängt davon ab, ob das Ladegerät als vorübergehend gilt.
I asked whether the delivery address could be reported without extra fees.	Ich fragte, ob die Lieferadresse ohne zusätzliche Gebühren gemeldet werden könnte.
My colleague acted as though the bank statement were completely misleading.	Meine Kollegin tat so, als wäre der Kontoauszug völlig irreführend.
It is better to ask twice than to assume that the warranty is complicated.	Es ist besser, zweimal zu fragen, als anzunehmen, dass die Garantie kompliziert ist.
I might have forgotten that the rental contract was already reported.	Ich könnte vergessen haben, dass der Mietvertrag bereits gemeldet wurde.
Please let me know once the health insurance card has been attached.	Bitte gib mir Bescheid, sobald die Versichertenkarte angehängt wurde.
Although the monthly subscription looked confusing, it worked better than expected.	Obwohl das Monatsabo verwirrend aussah, funktionierte alles besser als erwartet.
I would rather replace the suitcase now than explain the problem later.	Ich würde den Koffer lieber jetzt ersetzen, als das Problem später zu erklären.
The reason I kept the delivery address was that it might be useful later.	Der Grund, warum ich die Lieferadresse behalten habe, war, dass sie später nützlich sein könnte.
It is possible that the bank statement was accidentally updated.	Es ist möglich, dass der Kontoauszug versehentlich aktualisiert wurde.
The moment the warranty becomes convenient, please call me.	In dem Moment, in dem die Garantie praktisch wird, ruf mich bitte an.
I was disappointed that the complaint was still misleading before the deadline.	Ich war enttäuscht, dass die Beschwerde vor der Frist immer noch irreführend war.
The delivery driver managed to explain why the instruction manual was so complicated.	Der Lieferfahrer schaffte es zu erklären, warum die Bedienungsanleitung so kompliziert war.
Do you know whether the monthly subscription has finally been confirmed?	Weißt du, ob das Monatsabo endlich bestätigt wurde?
There is a chance that the suitcase will be scanned tomorrow.	Es besteht die Möglichkeit, dass der Koffer morgen eingescannt wird.
I have been wondering whether the delivery address is still confusing.	Ich frage mich schon länger, ob die Lieferadresse noch verwirrend ist.
We cannot move forward until the security deposit is cancelled.	Wir können nicht weitermachen, bis die Kaution storniert wird.
I was surprised that the application form remained reliable for so long.	Ich war überrascht, dass der Antrag so lange zuverlässig blieb.
My colleague admitted that the complaint had seemed temporary at first.	Meine Kollegin gab zu, dass die Beschwerde zunächst vorübergehend gewirkt hatte.
If only I had cancelled the instruction manual before the deadline.	Hätte ich die Bedienungsanleitung doch vor der Frist storniert.
It would have helped if the monthly subscription had been received sooner.	Es hätte geholfen, wenn das Monatsabo früher erhalten worden wäre.
I do not remember whether I already mentioned the prescription.	Ich erinnere mich nicht, ob ich das Rezept bereits erwähnt habe.
The office asked me to bring the discount code to the appointment.	Das Büro bat mich, den Rabattcode zum Termin mitzubringen.
Please compare the security deposit with the previous version.	Bitte vergleiche die Kaution mit der vorherigen Version.
I need to know whether the application form is valid abroad.	Ich muss wissen, ob der Antrag im Ausland gültig ist.
The delivery driver reminded me not to throw away the complaint.	Der Lieferfahrer erinnerte mich daran, die Beschwerde nicht wegzuwerfen.
I would appreciate it if you could send the booking confirmation again.	Ich wäre dir dankbar, wenn du die Buchungsbestätigung noch einmal schicken könntest.
It was not obvious that the appointment had expired.	Es war nicht offensichtlich, dass der Termin abgelaufen war.
We should ask for clarification before accepting the prescription.	Wir sollten um Klärung bitten, bevor wir das Rezept akzeptieren.
I could not understand why the discount code had been rejected.	Ich konnte nicht verstehen, warum der Rabattcode abgelehnt worden war.
The landlord forgot to attach the security deposit to the email.	Der Vermieter vergaß, die Kaution an die E-Mail anzuhängen.
It is worth checking the electricity bill before signing anything.	Es lohnt sich, die Stromrechnung zu prüfen, bevor man etwas unterschreibt.
I was hoping that the invitation would arrive last week.	Ich hatte gehofft, dass die Einladung letzte Woche ankommen würde.
Our team warned me that the booking confirmation might be delayed.	Unser Team warnte mich, dass die Buchungsbestätigung sich verspäten könnte.
The instructions explain how the appointment should be used.	Die Anleitung erklärt, wie der Termin verwendet werden sollte.
I am still waiting for someone to approve the prescription.	Ich warte immer noch darauf, dass jemand das Rezept genehmigt.
Please do not assume that the package delivery is automatically valid.	Bitte nimm nicht an, dass die Paketlieferung automatisch gültig ist.
I had almost forgotten how important the utility meter could become.	Ich hatte fast vergessen, wie wichtig der Zähler werden könnte.
The nurse asked whether the electricity bill could be sent digitally.	Die Krankenschwester fragte, ob die Stromrechnung digital geschickt werden könnte.
The situation became easier once I found the invitation.	Die Situation wurde einfacher, sobald ich die Einladung gefunden hatte.
I need a copy of the booking confirmation for my records.	Ich brauche eine Kopie von der Buchungsbestätigung für meine Unterlagen.
Without the receipt, the process would take much longer.	Ohne die Quittung würde der Prozess viel länger dauern.
I was not aware that the weekly schedule required a signature.	Mir war nicht bewusst, dass der Wochenplan eine Unterschrift erforderte.
The landlord recommended keeping the package delivery in a safe place.	Der Vermieter empfahl, die Paketlieferung an einem sicheren Ort aufzubewahren.
It is unclear who is responsible for the utility meter.	Es ist unklar, wer für den Zähler verantwortlich ist.
I checked the folder twice, but the electricity bill was missing.	Ich habe den Ordner zweimal geprüft, aber die Stromrechnung fehlte.
The deadline passed before the password could be translated.	Die Frist verstrich, bevor das Passwort übersetzt werden konnte.
I will call again if the refund has not arrived by noon.	Ich rufe erneut an, falls die Rückerstattung bis Mittag nicht angekommen ist.
The nurse asked me to explain the difference between the two versions.	Die Krankenschwester bat mich, den Unterschied zwischen den beiden Versionen zu erklären.
It is frustrating when the weekly schedule disappears right before you need it.	Es ist frustrierend, wenn der Wochenplan genau dann verschwindet, wenn man er braucht.
I would not have noticed the mistake without checking the package delivery.	Ich hätte den Fehler nicht bemerkt, ohne die Paketlieferung zu prüfen.
The form asks whether the replacement part is still valid.	Das Formular fragt, ob das Ersatzteil noch gültig ist.
I had to explain why the phone charger was submitted late.	Ich musste erklären, warum das Ladegerät verspätet eingereicht wurde.
The receptionist wants to know whether the password can be renewed online.	Die Empfangsdame möchte wissen, ob das Passwort online verlängert werden kann.
If the refund is missing, the office may reject the request.	Wenn die Rückerstattung fehlt, kann das Amt den Antrag ablehnen.
I was careful not to damage the receipt while packing.	Ich war vorsichtig, die Quittung beim Packen nicht zu beschädigen.
The email says that the rental contract will be reviewed next week.	In der E-Mail steht, dass der Mietvertrag nächste Woche geprüft wird.
I need to ask whether the health insurance card is covered by insurance.	Ich muss fragen, ob die Versichertenkarte von der Versicherung abgedeckt ist.
I was relieved when the replacement part was finally sent.	Ich war erleichtert, als das Ersatzteil endlich geschickt wurde.
Could you please check whether the phone charger is still reasonable?	Könntest du bitte prüfen, ob das Ladegerät noch vernünftig ist?
If the password becomes confusing, we should discuss it immediately.	Wenn das Passwort verwirrend wird, sollten wir es sofort besprechen.
I would have called earlier if the bank statement had not been so available.	Ich hätte früher angerufen, wenn der Kontoauszug nicht so verfügbar gewesen wäre.
By the time we arrived, the warranty had already been returned.	Als wir ankamen, war die Garantie bereits zurückgegeben worden.
Nobody expected the rental contract to be this temporary before work.	Niemand hatte erwartet, dass der Mietvertrag vor der Arbeit so vorübergehend sein würde.
Please make sure that the health insurance card has been signed before tomorrow.	Bitte stell sicher, dass die Versichertenkarte vor morgen unterschrieben wurde.
The more I thought about the replacement part, the more misleading it seemed.	Je mehr ich über das Ersatzteil nachdachte, desto irreführend wirkte es.
It is important that the suitcase not be ignored just because it seems complicated.	Es ist wichtig, dass der Koffer nicht ignoriert wird, nur weil er kompliziert wirkt.
I am not sure whether the delivery address should be signed today.	Ich bin mir nicht sicher, ob die Lieferadresse heute unterschrieben werden sollte.
My neighbor promised to call me as soon as the bank statement became reasonable.	Mein Nachbar versprach, mich anzurufen, sobald der Kontoauszug vernünftig wurde.
It turns out that the warranty was less confusing than we feared.	Es stellte sich heraus, dass die Garantie weniger verwirrend war, als wir befürchtet hatten.
My colleague suggested that the rental contract be saved before anyone complains.	Meine Kollegin schlug vor, dass der Mietvertrag gespeichert wird, bevor sich jemand beschwert.
Whether or not the instruction manual is reliable, we need a clear answer.	Ob die Bedienungsanleitung zuverlässig ist oder nicht, wir brauchen eine klare Antwort.
Do not forget to mention that the monthly subscription has already been attached.	Vergiss nicht zu erwähnen, dass das Monatsabo bereits angehängt wurde.
I wish the suitcase were less convenient, especially at the train station.	Ich wünschte, der Koffer wäre weniger praktisch, besonders am Bahnhof.
The fact that the delivery address is misleading does not mean it is useless.	Die Tatsache, dass die Lieferadresse irreführend ist, bedeutet nicht, dass sie nutzlos ist.
No matter how complicated the bank statement seems, we should read it carefully.	Egal wie kompliziert der Kontoauszug wirkt, wir sollten alles sorgfältig lesen.
It would be easier if the application form were not quite so flexible.	Es wäre einfacher, wenn der Antrag nicht ganz so flexibel wäre.
Before she leaves, the complaint must be organized.	Bevor sie geht, muss die Beschwerde organisiert werden.
It sounds as if the instruction manual had been translated too late.	Es klingt, als wäre die Bedienungsanleitung zu spät übersetzt worden.
The sooner the monthly subscription is updated, the easier the situation will be.	Je früher das Monatsabo aktualisiert wird, desto einfacher wird die Situation sein.
Unless the suitcase is organized today, I will have to complain.	Wenn der Koffer heute nicht organisiert wird, muss ich mich beschweren.
I cannot decide whether the discount code is useful or merely temporary.	Ich kann nicht entscheiden, ob der Rabattcode nützlich oder nur vorübergehend ist.
Because the security deposit had been updated, everyone could relax.	Weil die Kaution aktualisiert worden war, konnten sich alle entspannen.
It remains unclear whether the application form was ever confirmed.	Es bleibt unklar, ob der Antrag jemals bestätigt wurde.
The customer insisted that the complaint be scanned immediately.	Der Kunde bestand darauf, dass die Beschwerde sofort eingescannt wird.
The document says that the instruction manual must be prepared within two weeks.	Das Dokument besagt, dass die Bedienungsanleitung innerhalb von zwei Wochen vorbereitet werden muss.
Once the appointment has been cancelled, everything should be easier.	Sobald der Termin storniert wurde, sollte alles einfacher sein.
Until the prescription has been scanned, we should not make a decision.	Bis das Rezept eingescannt wurde, sollten wir keine Entscheidung treffen.
Our team asked me to look at the discount code because it seemed available.	Unser Team bat mich, mir den Rabattcode anzusehen, weil er verfügbar wirkte.
I forgot where I put the security deposit, although I used it during the lunch break.	Ich habe vergessen, wohin ich die Kaution gelegt habe, obwohl ich sie während der Mittagspause benutzt habe.
The problem is that the application form was received without asking anyone.	Das Problem ist, dass der Antrag erhalten wurde, ohne jemanden zu fragen.
Had I known that the invitation was convenient, I would have waited.	Hätte ich gewusst, dass die Einladung praktisch war, hätte ich gewartet.
I am trying to find out why the booking confirmation became so misleading.	Ich versuche herauszufinden, warum die Buchungsbestätigung so irreführend geworden ist.
We should keep the appointment in case it becomes important later.	Wir sollten den Termin aufbewahren, falls er später wichtig wird.
The manager has trouble explaining why the prescription is considered flexible.	Die Managerin hat Schwierigkeiten zu erklären, warum das Rezept als flexibel gilt.
I was told that the discount code needed to be replaced immediately.	Mir wurde gesagt, dass der Rabattcode sofort ersetzt werden musste.
Whenever the utility meter seems confusing, I double-check the details.	Wann immer der Zähler verwirrend wirkt, prüfe ich die Details noch einmal.
The answer depends on whether the electricity bill is considered available.	Die Antwort hängt davon ab, ob die Stromrechnung als verfügbar gilt.
I asked whether the invitation could be checked without extra fees.	Ich fragte, ob die Einladung ohne zusätzliche Gebühren überprüft werden könnte.
My colleague acted as though the booking confirmation were completely temporary.	Meine Kollegin tat so, als wäre die Buchungsbestätigung völlig vorübergehend.
It is better to ask twice than to assume that the appointment is convenient.	Es ist besser, zweimal zu fragen, als anzunehmen, dass der Termin praktisch ist.
I might have forgotten that the weekly schedule was already checked.	Ich könnte vergessen haben, dass der Wochenplan bereits überprüft wurde.
Please let me know once the package delivery has been signed.	Bitte gib mir Bescheid, sobald die Paketlieferung unterschrieben wurde.
Although the utility meter looked flexible, it worked better than expected.	Obwohl der Zähler flexibel aussah, funktionierte alles besser als erwartet.
I would rather replace the electricity bill now than explain the problem later.	Ich würde die Stromrechnung lieber jetzt ersetzen, als das Problem später zu erklären.
The reason I kept the invitation was that it might be useful later.	Der Grund, warum ich die Einladung behalten habe, war, dass sie später nützlich sein könnte.
It is possible that the refund was accidentally reported.	Es ist möglich, dass die Rückerstattung versehentlich gemeldet wurde.
The moment the receipt becomes reliable, please call me.	In dem Moment, in dem die Quittung zuverlässig wird, ruf mich bitte an.
I was disappointed that the weekly schedule was still temporary this morning.	Ich war enttäuscht, dass der Wochenplan heute Morgen immer noch vorübergehend war.
The delivery driver managed to explain why the package delivery was so convenient.	Der Lieferfahrer schaffte es zu erklären, warum die Paketlieferung so praktisch war.
Do you know whether the utility meter has finally been attached?	Weißt du, ob der Zähler endlich angehängt wurde?
There is a chance that the phone charger will be printed tomorrow.	Es besteht die Möglichkeit, dass das Ladegerät morgen ausgedruckt wird.
I have been wondering whether the password is still flexible.	Ich frage mich schon länger, ob das Passwort noch flexibel ist.
We cannot move forward until the refund is translated.	Wir können nicht weitermachen, bis die Rückerstattung übersetzt wird.
I was surprised that the receipt remained confusing for so long.	Ich war überrascht, dass die Quittung so lange verwirrend blieb.
My colleague admitted that the weekly schedule had seemed available at first.	Meine Kollegin gab zu, dass der Wochenplan zunächst verfügbar gewirkt hatte.
If only I had translated the health insurance card before the deadline.	Hätte ich die Versichertenkarte doch vor der Frist übersetzt.
It would have helped if the replacement part had been updated sooner.	Es hätte geholfen, wenn das Ersatzteil früher aktualisiert worden wäre.
I do not remember whether I already mentioned the phone charger.	Ich erinnere mich nicht, ob ich das Ladegerät bereits erwähnt habe.
The office asked me to bring the password to the appointment.	Das Büro bat mich, das Passwort zum Termin mitzubringen.
Please compare the refund with the previous version.	Bitte vergleiche die Rückerstattung mit der vorherigen Version.
I need to know whether the warranty is valid abroad.	Ich muss wissen, ob die Garantie im Ausland gültig ist.
The delivery driver reminded me not to throw away the rental contract.	Der Lieferfahrer erinnerte mich daran, den Mietvertrag nicht wegzuwerfen.
I would appreciate it if you could send the health insurance card again.	Ich wäre dir dankbar, wenn du die Versichertenkarte noch einmal schicken könntest.
It was not obvious that the replacement part had expired.	Es war nicht offensichtlich, dass das Ersatzteil abgelaufen war.
We should ask for clarification before accepting the phone charger.	Wir sollten um Klärung bitten, bevor wir das Ladegerät akzeptieren.
I could not understand why the delivery address had been rejected.	Ich konnte nicht verstehen, warum die Lieferadresse abgelehnt worden war.
The landlord forgot to attach the bank statement to the email.	Der Vermieter vergaß, den Kontoauszug an die E-Mail anzuhängen.
It is worth checking the warranty before signing anything.	Es lohnt sich, die Garantie zu prüfen, bevor man etwas unterschreibt.
I was hoping that the rental contract would arrive within two weeks.	Ich hatte gehofft, dass der Mietvertrag innerhalb von zwei Wochen ankommen würde.
Our team warned me that the health insurance card might be delayed.	Unser Team warnte mich, dass die Versichertenkarte sich verspäten könnte.
The instructions explain how the monthly subscription should be used.	Die Anleitung erklärt, wie das Monatsabo verwendet werden sollte.
I am still waiting for someone to approve the suitcase.	Ich warte immer noch darauf, dass jemand den Koffer genehmigt.
Please do not assume that the delivery address is automatically valid.	Bitte nimm nicht an, dass die Lieferadresse automatisch gültig ist.
I had almost forgotten how important the bank statement could become.	Ich hatte fast vergessen, wie wichtig der Kontoauszug werden könnte.
The delivery driver asked whether the warranty could be sent digitally.	Der Lieferfahrer fragte, ob die Garantie digital geschickt werden könnte.
The situation became easier once I found the complaint.	Die Situation wurde einfacher, sobald ich die Beschwerde gefunden hatte.
I need a copy of the instruction manual for my records.	Ich brauche eine Kopie von der Bedienungsanleitung für meine Unterlagen.
Without the monthly subscription, the process would take much longer.	Ohne das Monatsabo würde der Prozess viel länger dauern.
I was not aware that the suitcase required a signature.	Mir war nicht bewusst, dass der Koffer eine Unterschrift erforderte.
The landlord recommended keeping the delivery address in a safe place.	Der Vermieter empfahl, die Lieferadresse an einem sicheren Ort aufzubewahren.
It is unclear who is responsible for the security deposit.	Es ist unklar, wer für die Kaution verantwortlich ist.
I checked the folder twice, but the application form was missing.	Ich habe den Ordner zweimal geprüft, aber der Antrag fehlte.
The deadline passed before the complaint could be saved.	Die Frist verstrich, bevor die Beschwerde gespeichert werden konnte.
I will call again if the instruction manual has not arrived by noon.	Ich rufe erneut an, falls die Bedienungsanleitung bis Mittag nicht angekommen ist.
It is frustrating when the prescription disappears right before you need it.	Es ist frustrierend, wenn das Rezept genau dann verschwindet, wenn man es braucht.
I would not have noticed the mistake without checking the discount code.	Ich hätte den Fehler nicht bemerkt, ohne den Rabattcode zu prüfen.
The form asks whether the security deposit is still valid.	Das Formular fragt, ob die Kaution noch gültig ist.
I had to explain why the application form was submitted late.	Ich musste erklären, warum der Antrag verspätet eingereicht wurde.
The receptionist wants to know whether the complaint can be renewed online.	Die Empfangsdame möchte wissen, ob die Beschwerde online verlängert werden kann.
If the booking confirmation is missing, the office may reject the request.	Wenn die Buchungsbestätigung fehlt, kann das Amt den Antrag ablehnen.
I was careful not to damage the appointment while packing.	Ich war vorsichtig, den Termin beim Packen nicht zu beschädigen.
The email says that the prescription will be reviewed next week.	In der E-Mail steht, dass das Rezept nächste Woche geprüft wird.
I need to ask whether the discount code is covered by insurance.	Ich muss fragen, ob der Rabattcode von der Versicherung abgedeckt ist.
I was relieved when the security deposit was finally prepared.	Ich war erleichtert, als die Kaution endlich vorbereitet wurde.
Could you please check whether the electricity bill is still complicated?	Könntest du bitte prüfen, ob die Stromrechnung noch kompliziert ist?
If the invitation becomes flexible, we should discuss it immediately.	Wenn die Einladung flexibel wird, sollten wir es sofort besprechen.
I would have called earlier if the booking confirmation had not been so reasonable.	Ich hätte früher angerufen, wenn die Buchungsbestätigung nicht so vernünftig gewesen wäre.
By the time we arrived, the appointment had already been cancelled.	Als wir ankamen, war der Termin bereits storniert worden.
Nobody expected the prescription to be this available during the phone call.	Niemand hatte erwartet, dass das Rezept während des Telefonats so verfügbar sein würde.
Please make sure that the package delivery has been ordered before tomorrow.	Bitte stell sicher, dass die Paketlieferung vor morgen bestellt wurde.
The more I thought about the utility meter, the more temporary it seemed.	Je mehr ich über den Zähler nachdachte, desto vorübergehend wirkte er.
It is important that the electricity bill not be ignored just because it seems convenient.	Es ist wichtig, dass die Stromrechnung nicht ignoriert wird, nur weil sie praktisch wirkt.
I am not sure whether the invitation should be ordered today.	Ich bin mir nicht sicher, ob die Einladung heute bestellt werden sollte.
My neighbor promised to call me as soon as the booking confirmation became complicated.	Mein Nachbar versprach, mich anzurufen, sobald die Buchungsbestätigung kompliziert wurde.
It turns out that the receipt was less flexible than we feared.	Es stellte sich heraus, dass die Quittung weniger flexibel war, als wir befürchtet hatten.
My colleague suggested that the weekly schedule be returned before anyone complains.	Meine Kollegin schlug vor, dass der Wochenplan zurückgegeben wird, bevor sich jemand beschwert.
Whether or not the package delivery is confusing, we need a clear answer.	Ob die Paketlieferung verwirrend ist oder nicht, wir brauchen eine klare Antwort.
Do not forget to mention that the utility meter has already been signed.	Vergiss nicht zu erwähnen, dass der Zähler bereits unterschrieben wurde.
I wish the electricity bill were less reliable, especially before work.	Ich wünschte, die Stromrechnung wäre weniger zuverlässig, besonders vor der Arbeit.
The fact that the password is temporary does not mean it is useless.	Die Tatsache, dass das Passwort vorübergehend ist, bedeutet nicht, dass es nutzlos ist.
No matter how convenient the refund seems, we should read it carefully.	Egal wie praktisch die Rückerstattung wirkt, wir sollten alles sorgfältig lesen.
It would be easier if the receipt were not quite so misleading.	Es wäre einfacher, wenn die Quittung nicht ganz so irreführend wäre.
Before she leaves, the weekly schedule must be renewed.	Bevor sie geht, muss der Wochenplan verlängert werden.
It sounds as if the package delivery had been saved too late.	Es klingt, als wäre die Paketlieferung zu spät gespeichert worden.
The sooner the replacement part is reported, the easier the situation will be.	Je früher das Ersatzteil gemeldet wird, desto einfacher wird die Situation sein.
Unless the phone charger is attached today, I will have to complain.	Wenn das Ladegerät heute nicht angehängt wird, muss ich mich beschweren.
I cannot decide whether the password is useful or merely available.	Ich kann nicht entscheiden, ob das Passwort nützlich oder nur verfügbar ist.
Because the refund had been reported, everyone could relax.	Weil die Rückerstattung gemeldet worden war, konnten sich alle entspannen.
It remains unclear whether the receipt was ever attached.	Es bleibt unklar, ob die Quittung jemals angehängt wurde.
The customer insisted that the rental contract be printed immediately.	Der Kunde bestand darauf, dass der Mietvertrag sofort ausgedruckt wird.
The document says that the health insurance card must be organized within two weeks.	Das Dokument besagt, dass die Versichertenkarte innerhalb von zwei Wochen organisiert werden muss.
Once the replacement part has been translated, everything should be easier.	Sobald das Ersatzteil übersetzt wurde, sollte alles einfacher sein.
Until the phone charger has been updated, we should not make a decision.	Bis das Ladegerät aktualisiert wurde, sollten wir keine Entscheidung treffen.
Our team asked me to look at the password because it seemed reasonable.	Unser Team bat mich, mir das Passwort anzusehen, weil es vernünftig wirkte.
I forgot where I put the bank statement, although I used it last week.	Ich habe vergessen, wohin ich den Kontoauszug gelegt habe, obwohl ich er letzte Woche benutzt habe.
The problem is that the warranty was updated without asking anyone.	Das Problem ist, dass die Garantie aktualisiert wurde, ohne jemanden zu fragen.
Had I known that the rental contract was reliable, I would have waited.	Hätte ich gewusst, dass der Mietvertrag zuverlässig war, hätte ich gewartet.
I am trying to find out why the health insurance card became so temporary.	Ich versuche herauszufinden, warum die Versichertenkarte so vorübergehend geworden ist.
We should keep the replacement part in case it becomes important later.	Wir sollten das Ersatzteil aufbewahren, falls es später wichtig wird.
My neighbor has trouble explaining why the suitcase is considered misleading.	Mein Nachbar hat Schwierigkeiten zu erklären, warum der Koffer als irreführend gilt.
I was told that the delivery address needed to be scanned immediately.	Mir wurde gesagt, dass die Lieferadresse sofort eingescannt werden musste.
Whenever the bank statement seems flexible, I double-check the details.	Wann immer der Kontoauszug flexibel wirkt, prüfe ich die Details noch einmal.
The answer depends on whether the warranty is considered reasonable.	Die Antwort hängt davon ab, ob die Garantie als vernünftig gilt.
I asked whether the rental contract could be received without extra fees.	Ich fragte, ob der Mietvertrag ohne zusätzliche Gebühren erhalten werden könnte.
My colleague acted as though the instruction manual were completely available.	Meine Kollegin tat so, als wäre die Bedienungsanleitung völlig verfügbar.
It is better to ask twice than to assume that the monthly subscription is reliable.	Es ist besser, zweimal zu fragen, als anzunehmen, dass das Monatsabo zuverlässig ist.
I might have forgotten that the suitcase was already sent.	Ich könnte vergessen haben, dass der Koffer bereits geschickt wurde.
Please let me know once the delivery address has been ordered.	Bitte gib mir Bescheid, sobald die Lieferadresse bestellt wurde.
Although the bank statement looked misleading, it worked better than expected.	Obwohl der Kontoauszug irreführend aussah, funktionierte alles besser als erwartet.
I would rather replace the application form now than explain the problem later.	Ich würde den Antrag lieber jetzt ersetzen, als das Problem später zu erklären.
The reason I kept the complaint was that it might be useful later.	Der Grund, warum ich die Beschwerde behalten habe, war, dass sie später nützlich sein könnte.
It is possible that the instruction manual was accidentally checked.	Es ist möglich, dass die Bedienungsanleitung versehentlich überprüft wurde.
The moment the monthly subscription becomes confusing, please call me.	In dem Moment, in dem das Monatsabo verwirrend wird, ruf mich bitte an.
I was disappointed that the suitcase was still available at the last minute.	Ich war enttäuscht, dass der Koffer in letzter Minute immer noch verfügbar war.
The delivery driver managed to explain why the discount code was so reliable.	Der Lieferfahrer schaffte es zu erklären, warum der Rabattcode so zuverlässig war.
Do you know whether the security deposit has finally been signed?	Weißt du, ob die Kaution endlich unterschrieben wurde?
There is a chance that the application form will be explained tomorrow.	Es besteht die Möglichkeit, dass der Antrag morgen erklärt wird.
I have been wondering whether the complaint is still misleading.	Ich frage mich schon länger, ob die Beschwerde noch irreführend ist.
We cannot move forward until the instruction manual is saved.	Wir können nicht weitermachen, bis die Bedienungsanleitung gespeichert wird.
I was surprised that the appointment remained flexible for so long.	Ich war überrascht, dass der Termin so lange flexibel blieb.
The technician admitted that the prescription had seemed reasonable at first.	Der Techniker gab zu, dass das Rezept zunächst vernünftig gewirkt hatte.
If only I had saved the discount code before the deadline.	Hätte ich den Rabattcode doch vor der Frist gespeichert.
It would have helped if the security deposit had been reported sooner.	Es hätte geholfen, wenn die Kaution früher gemeldet worden wäre.
I do not remember whether I already mentioned the application form.	Ich erinnere mich nicht, ob ich den Antrag bereits erwähnt habe.
The office asked me to bring the invitation to the appointment.	Das Büro bat mich, die Einladung zum Termin mitzubringen.
Please compare the booking confirmation with the previous version.	Bitte vergleiche die Buchungsbestätigung mit der vorherigen Version.
I need to know whether the appointment is valid abroad.	Ich muss wissen, ob der Termin im Ausland gültig ist.
The delivery driver reminded me not to throw away the prescription.	Der Lieferfahrer erinnerte mich daran, das Rezept nicht wegzuwerfen.
I would appreciate it if you could send the discount code again.	Ich wäre dir dankbar, wenn du den Rabattcode noch einmal schicken könntest.
It was not obvious that the utility meter had expired.	Es war nicht offensichtlich, dass der Zähler abgelaufen war.
We should ask for clarification before accepting the electricity bill.	Wir sollten um Klärung bitten, bevor wir die Stromrechnung akzeptieren.
I could not understand why the invitation had been rejected.	Ich konnte nicht verstehen, warum die Einladung abgelehnt worden war.
Our team forgot to attach the booking confirmation to the email.	Unser Team vergaß, die Buchungsbestätigung an die E-Mail anzuhängen.
It is worth checking the appointment before signing anything.	Es lohnt sich, den Termin zu prüfen, bevor man etwas unterschreibt.
I was hoping that the weekly schedule would arrive during the lunch break.	Ich hatte gehofft, dass der Wochenplan während der Mittagspause ankommen würde.
Our team warned me that the package delivery might be delayed.	Unser Team warnte mich, dass die Paketlieferung sich verspäten könnte.
The instructions explain how the utility meter should be used.	Die Anleitung erklärt, wie der Zähler verwendet werden sollte.
I am still waiting for someone to approve the electricity bill.	Ich warte immer noch darauf, dass jemand die Stromrechnung genehmigt.
Please do not assume that the invitation is automatically valid.	Bitte nimm nicht an, dass die Einladung automatisch gültig ist.
I had almost forgotten how important the refund could become.	Ich hatte fast vergessen, wie wichtig die Rückerstattung werden könnte.
The delivery driver asked whether the receipt could be sent digitally.	Der Lieferfahrer fragte, ob die Quittung digital geschickt werden könnte.
The situation became easier once I found the weekly schedule.	Die Situation wurde einfacher, sobald ich den Wochenplan gefunden hatte.
I need a copy of the package delivery for my records.	Ich brauche eine Kopie von der Paketlieferung für meine Unterlagen.
Without the utility meter, the process would take much longer.	Ohne den Zähler würde der Prozess viel länger dauern.
I was not aware that the phone charger required a signature.	Mir war nicht bewusst, dass das Ladegerät eine Unterschrift erforderte.
The landlord recommended keeping the password in a safe place.	Der Vermieter empfahl, das Passwort an einem sicheren Ort aufzubewahren.
It is unclear who is responsible for the refund.	Es ist unklar, wer für die Rückerstattung verantwortlich ist.
I checked the folder twice, but the receipt was missing.	Ich habe den Ordner zweimal geprüft, aber die Quittung fehlte.
The deadline passed before the weekly schedule could be explained.	Die Frist verstrich, bevor der Wochenplan erklärt werden konnte.
I will call again if the health insurance card has not arrived by noon.	Ich rufe erneut an, falls die Versichertenkarte bis Mittag nicht angekommen ist.
It is frustrating when the phone charger disappears right before you need it.	Es ist frustrierend, wenn das Ladegerät genau dann verschwindet, wenn man es braucht.
I would not have noticed the mistake without checking the password.	Ich hätte den Fehler nicht bemerkt, ohne das Passwort zu prüfen.
The form asks whether the refund is still valid.	Das Formular fragt, ob die Rückerstattung noch gültig ist.
I had to explain why the warranty was submitted late.	Ich musste erklären, warum die Garantie verspätet eingereicht wurde.
The receptionist wants to know whether the rental contract can be renewed online.	Die Empfangsdame möchte wissen, ob der Mietvertrag online verlängert werden kann.
If the health insurance card is missing, the office may reject the request.	Wenn die Versichertenkarte fehlt, kann das Amt den Antrag ablehnen.
I was careful not to damage the replacement part while packing.	Ich war vorsichtig, das Ersatzteil beim Packen nicht zu beschädigen.
The email says that the phone charger will be reviewed next week.	In der E-Mail steht, dass das Ladegerät nächste Woche geprüft wird.
I need to ask whether the delivery address is covered by insurance.	Ich muss fragen, ob die Lieferadresse von der Versicherung abgedeckt ist.
I was relieved when the bank statement was finally organized.	Ich war erleichtert, als der Kontoauszug endlich organisiert wurde.
Could you please check whether the warranty is still convenient?	Könntest du bitte prüfen, ob die Garantie noch praktisch ist?
If the rental contract becomes misleading, we should discuss it immediately.	Wenn der Mietvertrag irreführend wird, sollten wir es sofort besprechen.
I would have called earlier if the health insurance card had not been so complicated.	Ich hätte früher angerufen, wenn die Versichertenkarte nicht so kompliziert gewesen wäre.
By the time we arrived, the monthly subscription had already been translated.	Als wir ankamen, war das Monatsabo bereits übersetzt worden.
Nobody expected the suitcase to be this reasonable after dinner.	Niemand hatte erwartet, dass der Koffer nach dem Abendessen so vernünftig sein würde.
Please make sure that the delivery address has been confirmed before tomorrow.	Bitte stell sicher, dass die Lieferadresse vor morgen bestätigt wurde.
The more I thought about the bank statement, the more available it seemed.	Je mehr ich über den Kontoauszug nachdachte, desto verfügbar wirkte er.
It is important that the warranty not be ignored just because it seems reliable.	Es ist wichtig, dass die Garantie nicht ignoriert wird, nur weil sie zuverlässig wirkt.
I am not sure whether the complaint should be cancelled today.	Ich bin mir nicht sicher, ob die Beschwerde heute storniert werden sollte.
My neighbor promised to call me as soon as the instruction manual became convenient.	Mein Nachbar versprach, mich anzurufen, sobald die Bedienungsanleitung praktisch wurde.
It turns out that the monthly subscription was less misleading than we feared.	Es stellte sich heraus, dass das Monatsabo weniger irreführend war, als wir befürchtet hatten.
My colleague suggested that the suitcase be cancelled before anyone complains.	Meine Kollegin schlug vor, dass der Koffer storniert wird, bevor sich jemand beschwert.
Whether or not the delivery address is flexible, we need a clear answer.	Ob die Lieferadresse flexibel ist oder nicht, wir brauchen eine klare Antwort.
Do not forget to mention that the security deposit has already been ordered.	Vergiss nicht zu erwähnen, dass die Kaution bereits bestellt wurde.
I wish the application form were less confusing, especially at the train station.	Ich wünschte, der Antrag wäre weniger verwirrend, besonders am Bahnhof.
The fact that the complaint is available does not mean it is useless.	Die Tatsache, dass die Beschwerde verfügbar ist, bedeutet nicht, dass sie nutzlos ist.
No matter how reliable the instruction manual seems, we should read it carefully.	Egal wie zuverlässig die Bedienungsanleitung wirkt, wir sollten alles sorgfältig lesen.
It would be easier if the monthly subscription were not quite so temporary.	Es wäre einfacher, wenn das Monatsabo nicht ganz so vorübergehend wäre.
Before she leaves, the prescription must be sent.	Bevor sie geht, muss das Rezept geschickt werden.
It sounds as if the discount code had been returned too late.	Es klingt, als wäre der Rabattcode zu spät zurückgegeben worden.
The sooner the security deposit is checked, the easier the situation will be.	Je früher die Kaution überprüft wird, desto einfacher wird die Situation sein.
Unless the application form is signed today, I will have to complain.	Wenn der Antrag heute nicht unterschrieben wird, muss ich mich beschweren.
I cannot decide whether the complaint is useful or merely reasonable.	Ich kann nicht entscheiden, ob die Beschwerde nützlich oder nur vernünftig ist.
Because the booking confirmation had been checked, everyone could relax.	Weil die Buchungsbestätigung überprüft worden war, konnten sich alle entspannen.
It remains unclear whether the appointment was ever signed.	Es bleibt unklar, ob der Termin jemals unterschrieben wurde.
The customer insisted that the prescription be explained immediately.	Der Kunde bestand darauf, dass das Rezept sofort erklärt wird.
The document says that the discount code must be renewed within two weeks.	Das Dokument besagt, dass der Rabattcode innerhalb von zwei Wochen verlängert werden muss.
Once the security deposit has been saved, everything should be easier.	Sobald die Kaution gespeichert wurde, sollte alles einfacher sein.
Until the electricity bill has been reported, we should not make a decision.	Bis die Stromrechnung gemeldet wurde, sollten wir keine Entscheidung treffen.
Our team asked me to look at the invitation because it seemed complicated.	Unser Team bat mich, mir die Einladung anzusehen, weil sie kompliziert wirkte.
I forgot where I put the booking confirmation, although I used it within two weeks.	Ich habe vergessen, wohin ich die Buchungsbestätigung gelegt habe, obwohl ich sie innerhalb von zwei Wochen benutzt habe.
The problem is that the appointment was reported without asking anyone.	Das Problem ist, dass der Termin gemeldet wurde, ohne jemanden zu fragen.
Had I known that the prescription was confusing, I would have waited.	Hätte ich gewusst, dass das Rezept verwirrend war, hätte ich gewartet.
I am trying to find out why the package delivery became so available.	Ich versuche herauszufinden, warum die Paketlieferung so verfügbar geworden ist.
We should keep the utility meter in case it becomes important later.	Wir sollten den Zähler aufbewahren, falls er später wichtig wird.
My neighbor has trouble explaining why the electricity bill is considered temporary.	Mein Nachbar hat Schwierigkeiten zu erklären, warum die Stromrechnung als vorübergehend gilt.
I was told that the invitation needed to be updated immediately.	Mir wurde gesagt, dass die Einladung sofort aktualisiert werden musste.
Whenever the booking confirmation seems misleading, I double-check the details.	Wann immer die Buchungsbestätigung irreführend wirkt, prüfe ich die Details noch einmal.
The answer depends on whether the receipt is considered complicated.	Die Antwort hängt davon ab, ob die Quittung als kompliziert gilt.
I asked whether the weekly schedule could be updated without extra fees.	Ich fragte, ob der Wochenplan ohne zusätzliche Gebühren aktualisiert werden könnte.
My colleague acted as though the package delivery were completely reasonable.	Meine Kollegin tat so, als wäre die Paketlieferung völlig vernünftig.
It is better to ask twice than to assume that the utility meter is confusing.	Es ist besser, zweimal zu fragen, als anzunehmen, dass der Zähler verwirrend ist.
I might have forgotten that the electricity bill was already prepared.	Ich könnte vergessen haben, dass die Stromrechnung bereits vorbereitet wurde.
Please let me know once the password has been cancelled.	Bitte gib mir Bescheid, sobald das Passwort storniert wurde.
Although the refund looked temporary, it worked better than expected.	Obwohl die Rückerstattung vorübergehend aussah, funktionierte alles besser als erwartet.
I would rather replace the receipt now than explain the problem later.	Ich würde die Quittung lieber jetzt ersetzen, als das Problem später zu erklären.
The reason I kept the weekly schedule was that it might be useful later.	Der Grund, warum ich den Wochenplan behalten habe, war, dass er später nützlich sein könnte.
It is possible that the package delivery was accidentally received.	Es ist möglich, dass die Paketlieferung versehentlich erhalten wurde.
The moment the replacement part becomes flexible, please call me.	In dem Moment, in dem das Ersatzteil flexibel wird, ruf mich bitte an.
I was disappointed that the phone charger was still reasonable before the deadline.	Ich war enttäuscht, dass das Ladegerät vor der Frist immer noch vernünftig war.
The delivery driver managed to explain why the password was so confusing.	Der Lieferfahrer schaffte es zu erklären, warum das Passwort so verwirrend war.
Do you know whether the refund has finally been ordered?	Weißt du, ob die Rückerstattung endlich bestellt wurde?
There is a chance that the receipt will be replaced tomorrow.	Es besteht die Möglichkeit, dass die Quittung morgen ersetzt wird.
I have been wondering whether the rental contract is still temporary.	Ich frage mich schon länger, ob der Mietvertrag noch vorübergehend ist.
We cannot move forward until the health insurance card is returned.	Wir können nicht weitermachen, bis die Versichertenkarte zurückgegeben wird.
I was surprised that the replacement part remained misleading for so long.	Ich war überrascht, dass das Ersatzteil so lange irreführend blieb.
The technician admitted that the phone charger had seemed complicated at first.	Der Techniker gab zu, dass das Ladegerät zunächst kompliziert gewirkt hatte.
If only I had explained the password before the deadline.	Hätte ich das Passwort doch vor der Frist erklärt.
It would have helped if the bank statement had been checked sooner.	Es hätte geholfen, wenn der Kontoauszug früher überprüft worden wäre.
I do not remember whether I already mentioned the warranty.	Ich erinnere mich nicht, ob ich die Garantie bereits erwähnt habe.
The office asked me to bring the rental contract to the appointment.	Das Büro bat mich, den Mietvertrag zum Termin mitzubringen.
Please compare the health insurance card with the previous version.	Bitte vergleiche die Versichertenkarte mit der vorherigen Version.
I need to know whether the replacement part is valid abroad.	Ich muss wissen, ob das Ersatzteil im Ausland gültig ist.
The delivery driver reminded me not to throw away the suitcase.	Der Lieferfahrer erinnerte mich daran, den Koffer nicht wegzuwerfen.
I would appreciate it if you could send the delivery address again.	Ich wäre dir dankbar, wenn du die Lieferadresse noch einmal schicken könntest.
It was not obvious that the bank statement had expired.	Es war nicht offensichtlich, dass der Kontoauszug abgelaufen war.
We should ask for clarification before accepting the warranty.	Wir sollten um Klärung bitten, bevor wir die Garantie akzeptieren.
I could not understand why the rental contract had been rejected.	Ich konnte nicht verstehen, warum der Mietvertrag abgelehnt worden war.
Our team forgot to attach the instruction manual to the email.	Unser Team vergaß, die Bedienungsanleitung an die E-Mail anzuhängen.
It is worth checking the monthly subscription before signing anything.	Es lohnt sich, das Monatsabo zu prüfen, bevor man etwas unterschreibt.
I was hoping that the suitcase would arrive yesterday afternoon.	Ich hatte gehofft, dass der Koffer gestern Nachmittag ankommen würde.
Our team warned me that the delivery address might be delayed.	Unser Team warnte mich, dass die Lieferadresse sich verspäten könnte.
The instructions explain how the bank statement should be used.	Die Anleitung erklärt, wie der Kontoauszug verwendet werden sollte.
I am still waiting for someone to approve the application form.	Ich warte immer noch darauf, dass jemand den Antrag genehmigt.
Please do not assume that the complaint is automatically valid.	Bitte nimm nicht an, dass die Beschwerde automatisch gültig ist.
I had almost forgotten how important the instruction manual could become.	Ich hatte fast vergessen, wie wichtig die Bedienungsanleitung werden könnte.
The delivery driver asked whether the monthly subscription could be sent digitally.	Der Lieferfahrer fragte, ob das Monatsabo digital geschickt werden könnte.
The situation became easier once I found the suitcase.	Die Situation wurde einfacher, sobald ich den Koffer gefunden hatte.
I need a copy of the discount code for my records.	Ich brauche eine Kopie von dem Rabattcode für meine Unterlagen.
Without the security deposit, the process would take much longer.	Ohne die Kaution würde der Prozess viel länger dauern.
I was not aware that the application form required a signature.	Mir war nicht bewusst, dass der Antrag eine Unterschrift erforderte.
Our team recommended keeping the complaint in a safe place.	Unser Team empfahl, die Beschwerde an einem sicheren Ort aufzubewahren.
It is unclear who is responsible for the instruction manual.	Es ist unklar, wer für die Bedienungsanleitung verantwortlich ist.
I checked the folder twice, but the appointment was missing.	Ich habe den Ordner zweimal geprüft, aber der Termin fehlte.
The deadline passed before the prescription could be replaced.	Die Frist verstrich, bevor das Rezept ersetzt werden konnte.
I will call again if the discount code has not arrived by noon.	Ich rufe erneut an, falls der Rabattcode bis Mittag nicht angekommen ist.
It is frustrating when the application form disappears right before you need it.	Es ist frustrierend, wenn der Antrag genau dann verschwindet, wenn man er braucht.
I would not have noticed the mistake without checking the invitation.	Ich hätte den Fehler nicht bemerkt, ohne die Einladung zu prüfen.
The form asks whether the booking confirmation is still valid.	Das Formular fragt, ob die Buchungsbestätigung noch gültig ist.
I had to explain why the appointment was submitted late.	Ich musste erklären, warum der Termin verspätet eingereicht wurde.
The landlord wants to know whether the prescription can be renewed online.	Der Vermieter möchte wissen, ob das Rezept online verlängert werden kann.
If the discount code is missing, the office may reject the request.	Wenn der Rabattcode fehlt, kann das Amt den Antrag ablehnen.
I was careful not to damage the utility meter while packing.	Ich war vorsichtig, den Zähler beim Packen nicht zu beschädigen.
The email says that the electricity bill will be reviewed next week.	In der E-Mail steht, dass die Stromrechnung nächste Woche geprüft wird.
I need to ask whether the invitation is covered by insurance.	Ich muss fragen, ob die Einladung von der Versicherung abgedeckt ist.
I was relieved when the booking confirmation was finally renewed.	Ich war erleichtert, als die Buchungsbestätigung endlich verlängert wurde.
Could you please check whether the appointment is still reliable?	Könntest du bitte prüfen, ob der Termin noch zuverlässig ist?
If the weekly schedule becomes temporary, we should discuss it immediately.	Wenn der Wochenplan vorübergehend wird, sollten wir es sofort besprechen.
I would have called earlier if the package delivery had not been so convenient.	Ich hätte früher angerufen, wenn die Paketlieferung nicht so praktisch gewesen wäre.
By the time we arrived, the utility meter had already been saved.	Als wir ankamen, war der Zähler bereits gespeichert worden.
Nobody expected the electricity bill to be this complicated during the phone call.	Niemand hatte erwartet, dass die Stromrechnung während des Telefonats so kompliziert sein würde.
Please make sure that the invitation has been attached before tomorrow.	Bitte stell sicher, dass die Einladung vor morgen angehängt wurde.
The more I thought about the refund, the more reasonable it seemed.	Je mehr ich über die Rückerstattung nachdachte, desto vernünftig wirkte sie.
It is important that the receipt not be ignored just because it seems confusing.	Es ist wichtig, dass die Quittung nicht ignoriert wird, nur weil sie verwirrend wirkt.
I am not sure whether the weekly schedule should be translated today.	Ich bin mir nicht sicher, ob der Wochenplan heute übersetzt werden sollte.
My neighbor promised to call me as soon as the package delivery became reliable.	Mein Nachbar versprach, mich anzurufen, sobald die Paketlieferung zuverlässig wurde.
It turns out that the utility meter was less temporary than we feared.	Es stellte sich heraus, dass der Zähler weniger vorübergehend war, als wir befürchtet hatten.
My colleague suggested that the phone charger be translated before anyone complains.	Meine Kollegin schlug vor, dass das Ladegerät übersetzt wird, bevor sich jemand beschwert.
Whether or not the password is misleading, we need a clear answer.	Ob das Passwort irreführend ist oder nicht, wir brauchen eine klare Antwort.
Do not forget to mention that the refund has already been confirmed.	Vergiss nicht zu erwähnen, dass die Rückerstattung bereits bestätigt wurde.
I wish the receipt were less flexible, especially before work.	Ich wünschte, die Quittung wäre weniger flexibel, besonders vor der Arbeit.
The fact that the weekly schedule is reasonable does not mean it is useless.	Die Tatsache, dass der Wochenplan vernünftig ist, bedeutet nicht, dass er nutzlos ist.
No matter how confusing the health insurance card seems, we should read it carefully.	Egal wie verwirrend die Versichertenkarte wirkt, wir sollten alles sorgfältig lesen.
It would be easier if the replacement part were not quite so available.	Es wäre einfacher, wenn das Ersatzteil nicht ganz so verfügbar wäre.
Before she leaves, the phone charger must be prepared.	Bevor sie geht, muss das Ladegerät vorbereitet werden.
It sounds as if the password had been cancelled too late.	Es klingt, als wäre das Passwort zu spät storniert worden.
The sooner the refund is received, the easier the situation will be.	Je früher die Rückerstattung erhalten wird, desto einfacher wird die Situation sein.
Unless the warranty is ordered today, I will have to complain.	Wenn die Garantie heute nicht bestellt wird, muss ich mich beschweren.
I cannot decide whether the rental contract is useful or merely complicated.	Ich kann nicht entscheiden, ob der Mietvertrag nützlich oder nur kompliziert ist.
Because the health insurance card had been sent, everyone could relax.	Weil die Versichertenkarte geschickt worden war, konnten sich alle entspannen.
It remains unclear whether the replacement part was ever ordered.	Es bleibt unklar, ob das Ersatzteil jemals bestellt wurde.
The customer insisted that the phone charger be replaced immediately.	Der Kunde bestand darauf, dass das Ladegerät sofort ersetzt wird.
The document says that the delivery address must be sent within two weeks.	Das Dokument besagt, dass die Lieferadresse innerhalb von zwei Wochen geschickt werden muss.
Once the bank statement has been returned, everything should be easier.	Sobald der Kontoauszug zurückgegeben wurde, sollte alles einfacher sein.
Until the warranty has been checked, we should not make a decision.	Bis die Garantie überprüft wurde, sollten wir keine Entscheidung treffen.
Our team asked me to look at the rental contract because it seemed convenient.	Unser Team bat mich, mir den Mietvertrag anzusehen, weil er praktisch wirkte.
I forgot where I put the health insurance card, although I used it during the lunch break.	Ich habe vergessen, wohin ich die Versichertenkarte gelegt habe, obwohl ich sie während der Mittagspause benutzt habe.
The problem is that the monthly subscription was checked without asking anyone.	Das Problem ist, dass das Monatsabo überprüft wurde, ohne jemanden zu fragen.
Had I known that the suitcase was flexible, I would have waited.	Hätte ich gewusst, dass der Koffer flexibel war, hätte ich gewartet.
I am trying to find out why the delivery address became so reasonable.	Ich versuche herauszufinden, warum die Lieferadresse so vernünftig geworden ist.
We should keep the bank statement in case it becomes important later.	Wir sollten den Kontoauszug aufbewahren, falls er später wichtig wird.
My neighbor has trouble explaining why the warranty is considered available.	Mein Nachbar hat Schwierigkeiten zu erklären, warum die Garantie als verfügbar gilt.
I was told that the complaint needed to be reported immediately.	Mir wurde gesagt, dass die Beschwerde sofort gemeldet werden musste.
Whenever the instruction manual seems temporary, I double-check the details.	Wann immer die Bedienungsanleitung vorübergehend wirkt, prüfe ich die Details noch einmal.
The answer depends on whether the monthly subscription is considered convenient.	Die Antwort hängt davon ab, ob das Monatsabo als praktisch gilt.
I asked whether the suitcase could be reported without extra fees.	Ich fragte, ob der Koffer ohne zusätzliche Gebühren gemeldet werden könnte.
My colleague acted as though the delivery address were completely complicated.	Meine Kollegin tat so, als wäre die Lieferadresse völlig kompliziert.
It is better to ask twice than to assume that the security deposit is flexible.	Es ist besser, zweimal zu fragen, als anzunehmen, dass die Kaution flexibel ist.
I might have forgotten that the application form was already organized.	Ich könnte vergessen haben, dass der Antrag bereits organisiert wurde.
Please let me know once the complaint has been translated.	Bitte gib mir Bescheid, sobald die Beschwerde übersetzt wurde.
Although the instruction manual looked available, it worked better than expected.	Obwohl die Bedienungsanleitung verfügbar aussah, funktionierte alles besser als erwartet.
I would rather replace the monthly subscription now than explain the problem later.	Ich würde das Monatsabo lieber jetzt ersetzen, als das Problem später zu erklären.
The reason I kept the prescription was that it might be useful later.	Der Grund, warum ich das Rezept behalten habe, war, dass es später nützlich sein könnte.
It is possible that the discount code was accidentally updated.	Es ist möglich, dass der Rabattcode versehentlich aktualisiert wurde.
The moment the security deposit becomes misleading, please call me.	In dem Moment, in dem die Kaution irreführend wird, ruf mich bitte an.
I was disappointed that the application form was still complicated as soon as possible.	Ich war enttäuscht, dass der Antrag so schnell wie möglich immer noch kompliziert war.
My colleague managed to explain why the complaint was so flexible.	Meine Kollegin schaffte es zu erklären, warum die Beschwerde so flexibel war.
Do you know whether the booking confirmation has finally been cancelled?	Weißt du, ob die Buchungsbestätigung endlich storniert wurde?
There is a chance that the appointment will be scanned tomorrow.	Es besteht die Möglichkeit, dass der Termin morgen eingescannt wird.
I have been wondering whether the prescription is still available.	Ich frage mich schon länger, ob das Rezept noch verfügbar ist.
We cannot move forward until the discount code is cancelled.	Wir können nicht weitermachen, bis der Rabattcode storniert wird.
I was surprised that the security deposit remained temporary for so long.	Ich war überrascht, dass die Kaution so lange vorübergehend blieb.
The technician admitted that the electricity bill had seemed convenient at first.	Der Techniker gab zu, dass die Stromrechnung zunächst praktisch gewirkt hatte.
If only I had replaced the invitation before the deadline.	Hätte ich die Einladung doch vor der Frist ersetzt.
It would have helped if the booking confirmation had been sent sooner.	Es hätte geholfen, wenn die Buchungsbestätigung früher geschickt worden wäre.
I do not remember whether I already mentioned the appointment.	Ich erinnere mich nicht, ob ich den Termin bereits erwähnt habe.
The office asked me to bring the prescription to the appointment.	Das Büro bat mich, das Rezept zum Termin mitzubringen.
Please compare the package delivery with the previous version.	Bitte vergleiche die Paketlieferung mit der vorherigen Version.
I need to know whether the utility meter is valid abroad.	Ich muss wissen, ob der Zähler im Ausland gültig ist.
The delivery driver reminded me not to throw away the electricity bill.	Der Lieferfahrer erinnerte mich daran, die Stromrechnung nicht wegzuwerfen.
I would appreciate it if you could send the invitation again.	Ich wäre dir dankbar, wenn du die Einladung noch einmal schicken könntest.
It was not obvious that the booking confirmation had expired.	Es war nicht offensichtlich, dass die Buchungsbestätigung abgelaufen war.
We should ask for clarification before accepting the receipt.	Wir sollten um Klärung bitten, bevor wir die Quittung akzeptieren.
I could not understand why the weekly schedule had been rejected.	Ich konnte nicht verstehen, warum der Wochenplan abgelehnt worden war.
Our team forgot to attach the package delivery to the email.	Unser Team vergaß, die Paketlieferung an die E-Mail anzuhängen.
It is worth checking the utility meter before signing anything.	Es lohnt sich, den Zähler zu prüfen, bevor man etwas unterschreibt.
I was hoping that the electricity bill would arrive within two weeks.	Ich hatte gehofft, dass die Stromrechnung innerhalb von zwei Wochen ankommen würde.
The manager warned me that the password might be delayed.	Die Managerin warnte mich, dass das Passwort sich verspäten könnte.
The instructions explain how the refund should be used.	Die Anleitung erklärt, wie die Rückerstattung verwendet werden sollte.
I am still waiting for someone to approve the receipt.	Ich warte immer noch darauf, dass jemand die Quittung genehmigt.
Please do not assume that the weekly schedule is automatically valid.	Bitte nimm nicht an, dass der Wochenplan automatisch gültig ist.
I had almost forgotten how important the package delivery could become.	Ich hatte fast vergessen, wie wichtig die Paketlieferung werden könnte.
The delivery driver asked whether the replacement part could be sent digitally.	Der Lieferfahrer fragte, ob das Ersatzteil digital geschickt werden könnte.
The situation became easier once I found the phone charger.	Die Situation wurde einfacher, sobald ich das Ladegerät gefunden hatte.
I need a copy of the password for my records.	Ich brauche eine Kopie von dem Passwort für meine Unterlagen.
Without the refund, the process would take much longer.	Ohne die Rückerstattung würde der Prozess viel länger dauern.
I was not aware that the receipt required a signature.	Mir war nicht bewusst, dass die Quittung eine Unterschrift erforderte.
Our team recommended keeping the rental contract in a safe place.	Unser Team empfahl, den Mietvertrag an einem sicheren Ort aufzubewahren.
It is unclear who is responsible for the health insurance card.	Es ist unklar, wer für die Versichertenkarte verantwortlich ist.
I checked the folder twice, but the replacement part was missing.	Ich habe den Ordner zweimal geprüft, aber das Ersatzteil fehlte.
The deadline passed before the phone charger could be scanned.	Die Frist verstrich, bevor das Ladegerät eingescannt werden konnte.
I will call again if the password has not arrived by noon.	Ich rufe erneut an, falls das Passwort bis Mittag nicht angekommen ist.
It is frustrating when the warranty disappears right before you need it.	Es ist frustrierend, wenn die Garantie genau dann verschwindet, wenn man sie braucht.
I would not have noticed the mistake without checking the rental contract.	Ich hätte den Fehler nicht bemerkt, ohne den Mietvertrag zu prüfen.
The form asks whether the health insurance card is still valid.	Das Formular fragt, ob die Versichertenkarte noch gültig ist.
I had to explain why the replacement part was submitted late.	Ich musste erklären, warum das Ersatzteil verspätet eingereicht wurde.
The landlord wants to know whether the suitcase can be renewed online.	Der Vermieter möchte wissen, ob der Koffer online verlängert werden kann.
If the delivery address is missing, the office may reject the request.	Wenn die Lieferadresse fehlt, kann das Amt den Antrag ablehnen.
I was careful not to damage the bank statement while packing.	Ich war vorsichtig, den Kontoauszug beim Packen nicht zu beschädigen.
The email says that the warranty will be reviewed next week.	In der E-Mail steht, dass die Garantie nächste Woche geprüft wird.
I need to ask whether the rental contract is covered by insurance.	Ich muss fragen, ob der Mietvertrag von der Versicherung abgedeckt ist.
I was relieved when the instruction manual was finally sent.	Ich war erleichtert, als die Bedienungsanleitung endlich geschickt wurde.
Could you please check whether the monthly subscription is still confusing?	Könntest du bitte prüfen, ob das Monatsabo noch verwirrend ist?
If the suitcase becomes available, we should discuss it immediately.	Wenn der Koffer verfügbar wird, sollten wir es sofort besprechen.
I would have called earlier if the delivery address had not been so reliable.	Ich hätte früher angerufen, wenn die Lieferadresse nicht so zuverlässig gewesen wäre.
By the time we arrived, the bank statement had already been explained.	Als wir ankamen, war der Kontoauszug bereits erklärt worden.
Nobody expected the application form to be this convenient after dinner.	Niemand hatte erwartet, dass der Antrag nach dem Abendessen so praktisch sein würde.
Please make sure that the complaint has been signed before tomorrow.	Bitte stell sicher, dass die Beschwerde vor morgen unterschrieben wurde.
The more I thought about the instruction manual, the more complicated it seemed.	Je mehr ich über die Bedienungsanleitung nachdachte, desto kompliziert wirkte sie.
It is important that the monthly subscription not be ignored just because it seems flexible.	Es ist wichtig, dass das Monatsabo nicht ignoriert wird, nur weil es flexibel wirkt.
I am not sure whether the suitcase should be saved today.	Ich bin mir nicht sicher, ob der Koffer heute gespeichert werden sollte.
My neighbor promised to call me as soon as the discount code became confusing.	Mein Nachbar versprach, mich anzurufen, sobald der Rabattcode verwirrend wurde.
It turns out that the security deposit was less available than we feared.	Es stellte sich heraus, dass die Kaution weniger verfügbar war, als wir befürchtet hatten.
My colleague suggested that the application form be saved before anyone complains.	Meine Kollegin schlug vor, dass der Antrag gespeichert wird, bevor sich jemand beschwert.
Whether or not the complaint is temporary, we need a clear answer.	Ob die Beschwerde vorübergehend ist oder nicht, wir brauchen eine klare Antwort.
Do not forget to mention that the instruction manual has already been attached.	Vergiss nicht zu erwähnen, dass die Bedienungsanleitung bereits angehängt wurde.
I wish the appointment were less misleading, especially during the phone call.	Ich wünschte, der Termin wäre weniger irreführend, besonders während des Telefonats.
The fact that the prescription is complicated does not mean it is useless.	Die Tatsache, dass das Rezept kompliziert ist, bedeutet nicht, dass es nutzlos ist.
No matter how flexible the discount code seems, we should read it carefully.	Egal wie flexibel der Rabattcode wirkt, wir sollten alles sorgfältig lesen.
It would be easier if the security deposit were not quite so reasonable.	Es wäre einfacher, wenn die Kaution nicht ganz so vernünftig wäre.
Before he leaves, the application form must be organized.	Bevor er geht, muss der Antrag organisiert werden.
It sounds as if the invitation had been translated too late.	Es klingt, als wäre die Einladung zu spät übersetzt worden.
The sooner the booking confirmation is updated, the easier the situation will be.	Je früher die Buchungsbestätigung aktualisiert wird, desto einfacher wird die Situation sein.
Unless the appointment is confirmed today, I will have to complain.	Wenn der Termin heute nicht bestätigt wird, muss ich mich beschweren.
I cannot decide whether the prescription is useful or merely convenient.	Ich kann nicht entscheiden, ob das Rezept nützlich oder nur praktisch ist.
Because the discount code had been prepared, everyone could relax.	Weil der Rabattcode vorbereitet worden war, konnten sich alle entspannen.
It remains unclear whether the utility meter was ever cancelled.	Es bleibt unklar, ob der Zähler jemals storniert wurde.
The customer insisted that the electricity bill be scanned immediately.	Der Kunde bestand darauf, dass die Stromrechnung sofort eingescannt wird.
The document says that the invitation must be prepared within two weeks.	Das Dokument besagt, dass die Einladung innerhalb von zwei Wochen vorbereitet werden muss.
Once the booking confirmation has been cancelled, everything should be easier.	Sobald die Buchungsbestätigung storniert wurde, sollte alles einfacher sein.
Until the appointment has been received, we should not make a decision.	Bis der Termin erhalten wurde, sollten wir keine Entscheidung treffen.
The manager asked me to look at the weekly schedule because it seemed reliable.	Die Managerin bat mich, mir den Wochenplan anzusehen, weil er zuverlässig wirkte.
I forgot where I put the package delivery, although I used it yesterday afternoon.	Ich habe vergessen, wohin ich die Paketlieferung gelegt habe, obwohl ich sie gestern Nachmittag benutzt habe.
The problem is that the utility meter was sent without asking anyone.	Das Problem ist, dass der Zähler geschickt wurde, ohne jemanden zu fragen.
Had I known that the electricity bill was misleading, I would have waited.	Hätte ich gewusst, dass die Stromrechnung irreführend war, hätte ich gewartet.
I am trying to find out why the invitation became so complicated.	Ich versuche herauszufinden, warum die Einladung so kompliziert geworden ist.
We should keep the refund in case it becomes important later.	Wir sollten die Rückerstattung aufbewahren, falls sie später wichtig wird.
My neighbor has trouble explaining why the receipt is considered reasonable.	Mein Nachbar hat Schwierigkeiten zu erklären, warum die Quittung als vernünftig gilt.
I was told that the weekly schedule needed to be checked immediately.	Mir wurde gesagt, dass der Wochenplan sofort überprüft werden musste.
Whenever the package delivery seems available, I double-check the details.	Wann immer die Paketlieferung verfügbar wirkt, prüfe ich die Details noch einmal.
The answer depends on whether the utility meter is considered reliable.	Die Antwort hängt davon ab, ob der Zähler als zuverlässig gilt.
I asked whether the phone charger could be checked without extra fees.	Ich fragte, ob das Ladegerät ohne zusätzliche Gebühren überprüft werden könnte.
The technician acted as though the password were completely convenient.	Der Techniker tat so, als wäre das Passwort völlig praktisch.
It is better to ask twice than to assume that the refund is misleading.	Es ist besser, zweimal zu fragen, als anzunehmen, dass die Rückerstattung irreführend ist.
I might have forgotten that the receipt was already renewed.	Ich könnte vergessen haben, dass die Quittung bereits verlängert wurde.
Please let me know once the weekly schedule has been saved.	Bitte gib mir Bescheid, sobald der Wochenplan gespeichert wurde.
Although the health insurance card looked reasonable, it worked better than expected.	Obwohl die Versichertenkarte vernünftig aussah, funktionierte alles besser als erwartet.
I would rather replace the replacement part now than explain the problem later.	Ich würde das Ersatzteil lieber jetzt ersetzen, als das Problem später zu erklären.
The reason I kept the phone charger was that it might be useful later.	Der Grund, warum ich das Ladegerät behalten habe, war, dass es später nützlich sein könnte.
It is possible that the password was accidentally reported.	Es ist möglich, dass das Passwort versehentlich gemeldet wurde.
The moment the refund becomes temporary, please call me.	In dem Moment, in dem die Rückerstattung vorübergehend wird, ruf mich bitte an.
I was disappointed that the warranty was still convenient at the last minute.	Ich war enttäuscht, dass die Garantie in letzter Minute immer noch praktisch war.
My colleague managed to explain why the rental contract was so misleading.	Meine Kollegin schaffte es zu erklären, warum der Mietvertrag so irreführend war.
Do you know whether the health insurance card has finally been translated?	Weißt du, ob die Versichertenkarte endlich übersetzt wurde?
There is a chance that the replacement part will be updated tomorrow.	Es besteht die Möglichkeit, dass das Ersatzteil morgen aktualisiert wird.
I have been wondering whether the phone charger is still reasonable.	Ich frage mich schon länger, ob das Ladegerät noch vernünftig ist.
We cannot move forward until the delivery address is translated.	Wir können nicht weitermachen, bis die Lieferadresse übersetzt wird.
I was surprised that the bank statement remained available for so long.	Ich war überrascht, dass der Kontoauszug so lange verfügbar blieb.
The technician admitted that the warranty had seemed reliable at first.	Der Techniker gab zu, dass die Garantie zunächst zuverlässig gewirkt hatte.
If only I had scanned the rental contract before the deadline.	Hätte ich den Mietvertrag doch vor der Frist eingescannt.
It would have helped if the health insurance card had been prepared sooner.	Es hätte geholfen, wenn die Versichertenkarte früher vorbereitet worden wäre.
I do not remember whether I already mentioned the monthly subscription.	Ich erinnere mich nicht, ob ich das Monatsabo bereits erwähnt habe.
The office asked me to bring the suitcase to the appointment.	Das Büro bat mich, den Koffer zum Termin mitzubringen.
Please compare the delivery address with the previous version.	Bitte vergleiche die Lieferadresse mit der vorherigen Version.
I need to know whether the bank statement is valid abroad.	Ich muss wissen, ob der Kontoauszug im Ausland gültig ist.
My colleague reminded me not to throw away the warranty.	Meine Kollegin erinnerte mich daran, die Garantie nicht wegzuwerfen.
I would appreciate it if you could send the complaint again.	Ich wäre dir dankbar, wenn du die Beschwerde noch einmal schicken könntest.
It was not obvious that the instruction manual had expired.	Es war nicht offensichtlich, dass die Bedienungsanleitung abgelaufen war.
We should ask for clarification before accepting the monthly subscription.	Wir sollten um Klärung bitten, bevor wir das Monatsabo akzeptieren.
I could not understand why the suitcase had been rejected.	Ich konnte nicht verstehen, warum der Koffer abgelehnt worden war.
Our team forgot to attach the delivery address to the email.	Unser Team vergaß, die Lieferadresse an die E-Mail anzuhängen.
It is worth checking the security deposit before signing anything.	Es lohnt sich, die Kaution zu prüfen, bevor man etwas unterschreibt.
I was hoping that the application form would arrive after several attempts.	Ich hatte gehofft, dass der Antrag nach mehreren Versuchen ankommen würde.
The manager warned me that the complaint might be delayed.	Die Managerin warnte mich, dass die Beschwerde sich verspäten könnte.
The instructions explain how the instruction manual should be used.	Die Anleitung erklärt, wie die Bedienungsanleitung verwendet werden sollte.
I am still waiting for someone to approve the monthly subscription.	Ich warte immer noch darauf, dass jemand das Monatsabo genehmigt.
Please do not assume that the prescription is automatically valid.	Bitte nimm nicht an, dass das Rezept automatisch gültig ist.
I had almost forgotten how important the discount code could become.	Ich hatte fast vergessen, wie wichtig der Rabattcode werden könnte.
The delivery driver asked whether the security deposit could be sent digitally.	Der Lieferfahrer fragte, ob die Kaution digital geschickt werden könnte.
The situation became easier once I found the application form.	Die Situation wurde einfacher, sobald ich den Antrag gefunden hatte.
I need a copy of the complaint for my records.	Ich brauche eine Kopie von der Beschwerde für meine Unterlagen.
Without the booking confirmation, the process would take much longer.	Ohne die Buchungsbestätigung würde der Prozess viel länger dauern.
I was not aware that the appointment required a signature.	Mir war nicht bewusst, dass der Termin eine Unterschrift erforderte.
Our team recommended keeping the prescription in a safe place.	Unser Team empfahl, das Rezept an einem sicheren Ort aufzubewahren.
It is unclear who is responsible for the discount code.	Es ist unklar, wer für den Rabattcode verantwortlich ist.
I checked the folder twice, but the security deposit was missing.	Ich habe den Ordner zweimal geprüft, aber die Kaution fehlte.
The deadline passed before the electricity bill could be printed.	Die Frist verstrich, bevor die Stromrechnung ausgedruckt werden konnte.
I will call again if the invitation has not arrived by noon.	Ich rufe erneut an, falls die Einladung bis Mittag nicht angekommen ist.
It is frustrating when the appointment disappears right before you need it.	Es ist frustrierend, wenn der Termin genau dann verschwindet, wenn man er braucht.
I would not have noticed the mistake without checking the prescription.	Ich hätte den Fehler nicht bemerkt, ohne das Rezept zu prüfen.
The form asks whether the package delivery is still valid.	Das Formular fragt, ob die Paketlieferung noch gültig ist.
I had to explain why the utility meter was submitted late.	Ich musste erklären, warum der Zähler verspätet eingereicht wurde.
The landlord wants to know whether the electricity bill can be renewed online.	Der Vermieter möchte wissen, ob die Stromrechnung online verlängert werden kann.
If the invitation is missing, the office may reject the request.	Wenn die Einladung fehlt, kann das Amt den Antrag ablehnen.
I was careful not to damage the booking confirmation while packing.	Ich war vorsichtig, die Buchungsbestätigung beim Packen nicht zu beschädigen.
The email says that the receipt will be reviewed next week.	In der E-Mail steht, dass die Quittung nächste Woche geprüft wird.
I need to ask whether the weekly schedule is covered by insurance.	Ich muss fragen, ob der Wochenplan von der Versicherung abgedeckt ist.
I was relieved when the package delivery was finally prepared.	Ich war erleichtert, als die Paketlieferung endlich vorbereitet wurde.
Could you please check whether the utility meter is still flexible?	Könntest du bitte prüfen, ob der Zähler noch flexibel ist?
If the electricity bill becomes reasonable, we should discuss it immediately.	Wenn die Stromrechnung vernünftig wird, sollten wir es sofort besprechen.
I would have called earlier if the password had not been so confusing.	Ich hätte früher angerufen, wenn das Passwort nicht so verwirrend gewesen wäre.
By the time we arrived, the refund had already been replaced.	Als wir ankamen, war die Rückerstattung bereits ersetzt worden.
Nobody expected the receipt to be this reliable in the shared kitchen.	Niemand hatte erwartet, dass die Quittung in der Gemeinschaftsküche so zuverlässig sein würde.
Please make sure that the weekly schedule has been ordered before tomorrow.	Bitte stell sicher, dass der Wochenplan vor morgen bestellt wurde.
The more I thought about the package delivery, the more convenient it seemed.	Je mehr ich über die Paketlieferung nachdachte, desto praktisch wirkte sie.
It is important that the replacement part not be ignored just because it seems misleading.	Es ist wichtig, dass das Ersatzteil nicht ignoriert wird, nur weil es irreführend wirkt.
I am not sure whether the phone charger should be returned today.	Ich bin mir nicht sicher, ob das Ladegerät heute zurückgegeben werden sollte.
The customer promised to call me as soon as the password became flexible.	Der Kunde versprach, mich anzurufen, sobald das Passwort flexibel wurde.
It turns out that the refund was less reasonable than we feared.	Es stellte sich heraus, dass die Rückerstattung weniger vernünftig war, als wir befürchtet hatten.
My colleague suggested that the receipt be explained before anyone complains.	Meine Kollegin schlug vor, dass die Quittung erklärt wird, bevor sich jemand beschwert.
Whether or not the rental contract is available, we need a clear answer.	Ob der Mietvertrag verfügbar ist oder nicht, wir brauchen eine klare Antwort.
Do not forget to mention that the health insurance card has already been signed.	Vergiss nicht zu erwähnen, dass die Versichertenkarte bereits unterschrieben wurde.
I wish the replacement part were less temporary, especially before work.	Ich wünschte, das Ersatzteil wäre weniger vorübergehend, besonders vor der Arbeit.
The fact that the phone charger is convenient does not mean it is useless.	Die Tatsache, dass das Ladegerät praktisch ist, bedeutet nicht, dass es nutzlos ist.
No matter how misleading the password seems, we should read it carefully.	Egal wie irreführend das Passwort wirkt, wir sollten alles sorgfältig lesen.
It would be easier if the bank statement were not quite so complicated.	Es wäre einfacher, wenn der Kontoauszug nicht ganz so kompliziert wäre.
Before he leaves, the warranty must be attached.	Bevor er geht, muss die Garantie angehängt werden.
It sounds as if the rental contract had been saved too late.	Es klingt, als wäre der Mietvertrag zu spät gespeichert worden.
The sooner the health insurance card is reported, the easier the situation will be.	Je früher die Versichertenkarte gemeldet wird, desto einfacher wird die Situation sein.
Unless the replacement part is attached today, I will have to complain.	Wenn das Ersatzteil heute nicht angehängt wird, muss ich mich beschweren.
I cannot decide whether the suitcase is useful or merely reliable.	Ich kann nicht entscheiden, ob der Koffer nützlich oder nur zuverlässig ist.
Because the delivery address had been organized, everyone could relax.	Weil die Lieferadresse organisiert worden war, konnten sich alle entspannen.
It remains unclear whether the bank statement was ever translated.	Es bleibt unklar, ob der Kontoauszug jemals übersetzt wurde.
The customer insisted that the warranty be updated immediately.	Der Kunde bestand darauf, dass die Garantie sofort aktualisiert wird.
The document says that the rental contract must be organized within two weeks.	Das Dokument besagt, dass der Mietvertrag innerhalb von zwei Wochen organisiert werden muss.
Once the instruction manual has been translated, everything should be easier.	Sobald die Bedienungsanleitung übersetzt wurde, sollte alles einfacher sein.
Until the monthly subscription has been updated, we should not make a decision.	Bis das Monatsabo aktualisiert wurde, sollten wir keine Entscheidung treffen.
The manager asked me to look at the suitcase because it seemed confusing.	Die Managerin bat mich, mir den Koffer anzusehen, weil er verwirrend wirkte.
I forgot where I put the delivery address, although I used it within two weeks.	Ich habe vergessen, wohin ich die Lieferadresse gelegt habe, obwohl ich sie innerhalb von zwei Wochen benutzt habe.
The problem is that the bank statement was prepared without asking anyone.	Das Problem ist, dass der Kontoauszug vorbereitet wurde, ohne jemanden zu fragen.
Had I known that the application form was temporary, I would have waited.	Hätte ich gewusst, dass der Antrag vorübergehend war, hätte ich gewartet.
I am trying to find out why the complaint became so convenient.	Ich versuche herauszufinden, warum die Beschwerde so praktisch geworden ist.
We should keep the instruction manual in case it becomes important later.	Wir sollten die Bedienungsanleitung aufbewahren, falls sie später wichtig wird.
My neighbor has trouble explaining why the monthly subscription is considered complicated.	Mein Nachbar hat Schwierigkeiten zu erklären, warum das Monatsabo als kompliziert gilt.
I was told that the suitcase needed to be received immediately.	Mir wurde gesagt, dass der Koffer sofort erhalten werden musste.
Whenever the discount code seems reasonable, I double-check the details.	Wann immer der Rabattcode vernünftig wirkt, prüfe ich die Details noch einmal.
The answer depends on whether the security deposit is considered confusing.	Die Antwort hängt davon ab, ob die Kaution als verwirrend gilt.
I asked whether the application form could be sent without extra fees.	Ich fragte, ob der Antrag ohne zusätzliche Gebühren geschickt werden könnte.
The technician acted as though the complaint were completely reliable.	Der Techniker tat so, als wäre die Beschwerde völlig zuverlässig.
It is better to ask twice than to assume that the instruction manual is temporary.	Es ist besser, zweimal zu fragen, als anzunehmen, dass die Bedienungsanleitung vorübergehend ist.
I might have forgotten that the appointment was already sent.	Ich könnte vergessen haben, dass der Termin bereits geschickt wurde.
Please let me know once the prescription has been returned.	Bitte gib mir Bescheid, sobald das Rezept zurückgegeben wurde.
Although the discount code looked complicated, it worked better than expected.	Obwohl der Rabattcode kompliziert aussah, funktionierte alles besser als erwartet.
I would rather replace the security deposit now than explain the problem later.	Ich würde die Kaution lieber jetzt ersetzen, als das Problem später zu erklären.
The reason I kept the application form was that it might be useful later.	Der Grund, warum ich den Antrag behalten habe, war, dass er später nützlich sein könnte.
It is possible that the invitation was accidentally checked.	Es ist möglich, dass die Einladung versehentlich überprüft wurde.
The moment the booking confirmation becomes available, please call me.	In dem Moment, in dem die Buchungsbestätigung verfügbar wird, ruf mich bitte an.
I was disappointed that the appointment was still reliable last week.	Ich war enttäuscht, dass der Termin letzte Woche immer noch zuverlässig war.
My colleague managed to explain why the prescription was so temporary.	Meine Kollegin schaffte es zu erklären, warum das Rezept so vorübergehend war.
Do you know whether the discount code has finally been saved?	Weißt du, ob der Rabattcode endlich gespeichert wurde?
There is a chance that the utility meter will be reported tomorrow.	Es besteht die Möglichkeit, dass der Zähler morgen gemeldet wird.
I have been wondering whether the electricity bill is still complicated.	Ich frage mich schon länger, ob die Stromrechnung noch kompliziert ist.
We cannot move forward until the invitation is saved.	Wir können nicht weitermachen, bis die Einladung gespeichert wird.
I was surprised that the booking confirmation remained reasonable for so long.	Ich war überrascht, dass die Buchungsbestätigung so lange vernünftig blieb.
The technician admitted that the appointment had seemed confusing at first.	Der Techniker gab zu, dass der Termin zunächst verwirrend gewirkt hatte.
If only I had printed the weekly schedule before the deadline.	Hätte ich den Wochenplan doch vor der Frist ausgedruckt.
It would have helped if the package delivery had been organized sooner.	Es hätte geholfen, wenn die Paketlieferung früher organisiert worden wäre.
I do not remember whether I already mentioned the utility meter.	Ich erinnere mich nicht, ob ich den Zähler bereits erwähnt habe.
The office asked me to bring the electricity bill to the appointment.	Das Büro bat mich, die Stromrechnung zum Termin mitzubringen.
Please compare the invitation with the previous version.	Bitte vergleiche die Einladung mit der vorherigen Version.
I need to know whether the refund is valid abroad.	Ich muss wissen, ob die Rückerstattung im Ausland gültig ist.
My colleague reminded me not to throw away the receipt.	Meine Kollegin erinnerte mich daran, die Quittung nicht wegzuwerfen.
I would appreciate it if you could send the weekly schedule again.	Ich wäre dir dankbar, wenn du den Wochenplan noch einmal schicken könntest.
It was not obvious that the package delivery had expired.	Es war nicht offensichtlich, dass die Paketlieferung abgelaufen war.
We should ask for clarification before accepting the utility meter.	Wir sollten um Klärung bitten, bevor wir den Zähler akzeptieren.
I could not understand why the phone charger had been rejected.	Ich konnte nicht verstehen, warum das Ladegerät abgelehnt worden war.
Our team forgot to attach the password to the email.	Unser Team vergaß, das Passwort an die E-Mail anzuhängen.
It is worth checking the refund before signing anything.	Es lohnt sich, die Rückerstattung zu prüfen, bevor man etwas unterschreibt.
I was hoping that the receipt would arrive yesterday afternoon.	Ich hatte gehofft, dass die Quittung gestern Nachmittag ankommen würde.
The manager warned me that the weekly schedule might be delayed.	Die Managerin warnte mich, dass der Wochenplan sich verspäten könnte.
The instructions explain how the health insurance card should be used.	Die Anleitung erklärt, wie die Versichertenkarte verwendet werden sollte.
I am still waiting for someone to approve the replacement part.	Ich warte immer noch darauf, dass jemand das Ersatzteil genehmigt.
Please do not assume that the phone charger is automatically valid.	Bitte nimm nicht an, dass das Ladegerät automatisch gültig ist.
I had almost forgotten how important the password could become.	Ich hatte fast vergessen, wie wichtig das Passwort werden könnte.
My colleague asked whether the refund could be sent digitally.	Meine Kollegin fragte, ob die Rückerstattung digital geschickt werden könnte.
The situation became easier once I found the warranty.	Die Situation wurde einfacher, sobald ich die Garantie gefunden hatte.
I need a copy of the rental contract for my records.	Ich brauche eine Kopie von dem Mietvertrag für meine Unterlagen.
Without the health insurance card, the process would take much longer.	Ohne die Versichertenkarte würde der Prozess viel länger dauern.
I was not aware that the replacement part required a signature.	Mir war nicht bewusst, dass das Ersatzteil eine Unterschrift erforderte.
Our team recommended keeping the phone charger in a safe place.	Unser Team empfahl, das Ladegerät an einem sicheren Ort aufzubewahren.
It is unclear who is responsible for the delivery address.	Es ist unklar, wer für die Lieferadresse verantwortlich ist.
I checked the folder twice, but the bank statement was missing.	Ich habe den Ordner zweimal geprüft, aber der Kontoauszug fehlte.
The deadline passed before the warranty could be explained.	Die Frist verstrich, bevor die Garantie erklärt werden konnte.
I will call again if the rental contract has not arrived by noon.	Ich rufe erneut an, falls der Mietvertrag bis Mittag nicht angekommen ist.
The delivery driver asked me to explain the difference between the two versions.	Der Lieferfahrer bat mich, den Unterschied zwischen den beiden Versionen zu erklären.
It is frustrating when the monthly subscription disappears right before you need it.	Es ist frustrierend, wenn das Monatsabo genau dann verschwindet, wenn man es braucht.
I would not have noticed the mistake without checking the suitcase.	Ich hätte den Fehler nicht bemerkt, ohne den Koffer zu prüfen.
The form asks whether the delivery address is still valid.	Das Formular fragt, ob die Lieferadresse noch gültig ist.
I had to explain why the bank statement was submitted late.	Ich musste erklären, warum der Kontoauszug verspätet eingereicht wurde.
The landlord wants to know whether the warranty can be renewed online.	Der Vermieter möchte wissen, ob die Garantie online verlängert werden kann.
If the complaint is missing, the office may reject the request.	Wenn die Beschwerde fehlt, kann das Amt den Antrag ablehnen.
I was careful not to damage the instruction manual while packing.	Ich war vorsichtig, die Bedienungsanleitung beim Packen nicht zu beschädigen.
The email says that the monthly subscription will be reviewed next week.	In der E-Mail steht, dass das Monatsabo nächste Woche geprüft wird.
I need to ask whether the suitcase is covered by insurance.	Ich muss fragen, ob der Koffer von der Versicherung abgedeckt ist.
I was relieved when the delivery address was finally organized.	Ich war erleichtert, als die Lieferadresse endlich organisiert wurde.
Could you please check whether the security deposit is still misleading?	Könntest du bitte prüfen, ob die Kaution noch irreführend ist?
If the application form becomes complicated, we should discuss it immediately.	Wenn der Antrag kompliziert wird, sollten wir es sofort besprechen.
I would have called earlier if the complaint had not been so flexible.	Ich hätte früher angerufen, wenn die Beschwerde nicht so flexibel gewesen wäre.
By the time we arrived, the instruction manual had already been scanned.	Als wir ankamen, war die Bedienungsanleitung bereits eingescannt worden.
Nobody expected the monthly subscription to be this confusing after dinner.	Niemand hatte erwartet, dass das Monatsabo nach dem Abendessen so verwirrend sein würde.
Please make sure that the prescription has been cancelled before tomorrow.	Bitte stell sicher, dass das Rezept vor morgen storniert wurde.
The more I thought about the discount code, the more reliable it seemed.	Je mehr ich über den Rabattcode nachdachte, desto zuverlässig wirkte er.
It is important that the security deposit not be ignored just because it seems temporary.	Es ist wichtig, dass die Kaution nicht ignoriert wird, nur weil sie vorübergehend wirkt.
I am not sure whether the application form should be cancelled today.	Ich bin mir nicht sicher, ob der Antrag heute storniert werden sollte.
The customer promised to call me as soon as the complaint became misleading.	Der Kunde versprach, mich anzurufen, sobald die Beschwerde irreführend wurde.
It turns out that the booking confirmation was less complicated than we feared.	Es stellte sich heraus, dass die Buchungsbestätigung weniger kompliziert war, als wir befürchtet hatten.
The technician suggested that the appointment be replaced before anyone complains.	Der Techniker schlug vor, dass der Termin ersetzt wird, bevor sich jemand beschwert.
Whether or not the prescription is reasonable, we need a clear answer.	Ob das Rezept vernünftig ist oder nicht, wir brauchen eine klare Antwort.
Do not forget to mention that the discount code has already been ordered.	Vergiss nicht zu erwähnen, dass der Rabattcode bereits bestellt wurde.
I wish the security deposit were less available, especially during the phone call.	Ich wünschte, die Kaution wäre weniger verfügbar, besonders während des Telefonats.
The fact that the electricity bill is reliable does not mean it is useless.	Die Tatsache, dass die Stromrechnung zuverlässig ist, bedeutet nicht, dass sie nutzlos ist.
No matter how temporary the invitation seems, we should read it carefully.	Egal wie vorübergehend die Einladung wirkt, wir sollten alles sorgfältig lesen.
It would be easier if the booking confirmation were not quite so convenient.	Es wäre einfacher, wenn die Buchungsbestätigung nicht ganz so praktisch wäre.
Before he leaves, the appointment must be signed.	Bevor er geht, muss der Termin unterschrieben werden.
It sounds as if the prescription had been explained too late.	Es klingt, als wäre das Rezept zu spät erklärt worden.
The sooner the package delivery is checked, the easier the situation will be.	Je früher die Paketlieferung überprüft wird, desto einfacher wird die Situation sein.
Unless the utility meter is signed today, I will have to complain.	Wenn der Zähler heute nicht unterschrieben wird, muss ich mich beschweren.
I cannot decide whether the electricity bill is useful or merely confusing.	Ich kann nicht entscheiden, ob die Stromrechnung nützlich oder nur verwirrend ist.
Because the invitation had been renewed, everyone could relax.	Weil die Einladung verlängert worden war, konnten sich alle entspannen.
It remains unclear whether the booking confirmation was ever saved.	Es bleibt unklar, ob die Buchungsbestätigung jemals gespeichert wurde.
The customer insisted that the receipt be reported immediately.	Der Kunde bestand darauf, dass die Quittung sofort gemeldet wird.
The document says that the weekly schedule must be attached within two weeks.	Das Dokument besagt, dass der Wochenplan innerhalb von zwei Wochen angehängt werden muss.
Once the package delivery has been saved, everything should be easier.	Sobald die Paketlieferung gespeichert wurde, sollte alles einfacher sein.
Until the utility meter has been reported, we should not make a decision.	Bis der Zähler gemeldet wurde, sollten wir keine Entscheidung treffen.
The manager asked me to look at the electricity bill because it seemed flexible.	Die Managerin bat mich, mir die Stromrechnung anzusehen, weil sie flexibel wirkte.
I forgot where I put the password, although I used it after several attempts.	Ich habe vergessen, wohin ich das Passwort gelegt habe, obwohl ich es nach mehreren Versuchen benutzt habe.
The problem is that the refund was organized without asking anyone.	Das Problem ist, dass die Rückerstattung organisiert wurde, ohne jemanden zu fragen.
Had I known that the receipt was available, I would have waited.	Hätte ich gewusst, dass die Quittung verfügbar war, hätte ich gewartet.
I am trying to find out why the weekly schedule became so reliable.	Ich versuche herauszufinden, warum der Wochenplan so zuverlässig geworden ist.
We should keep the package delivery in case it becomes important later.	Wir sollten die Paketlieferung aufbewahren, falls sie später wichtig wird.
My neighbor has trouble explaining why the replacement part is considered convenient.	Mein Nachbar hat Schwierigkeiten zu erklären, warum das Ersatzteil als praktisch gilt.
I was told that the phone charger needed to be updated immediately.	Mir wurde gesagt, dass das Ladegerät sofort aktualisiert werden musste.
Whenever the password seems complicated, I double-check the details.	Wann immer das Passwort kompliziert wirkt, prüfe ich die Details noch einmal.
The answer depends on whether the refund is considered flexible.	Die Antwort hängt davon ab, ob die Rückerstattung als flexibel gilt.
I asked whether the receipt could be prepared without extra fees.	Ich fragte, ob die Quittung ohne zusätzliche Gebühren vorbereitet werden könnte.
The technician acted as though the rental contract were completely confusing.	Der Techniker tat so, als wäre der Mietvertrag völlig verwirrend.
It is better to ask twice than to assume that the health insurance card is available.	Es ist besser, zweimal zu fragen, als anzunehmen, dass die Versichertenkarte verfügbar ist.
I might have forgotten that the replacement part was already prepared.	Ich könnte vergessen haben, dass das Ersatzteil bereits vorbereitet wurde.
Please let me know once the phone charger has been cancelled.	Bitte gib mir Bescheid, sobald das Ladegerät storniert wurde.
Although the password looked convenient, it worked better than expected.	Obwohl das Passwort praktisch aussah, funktionierte alles besser als erwartet.
I would rather replace the bank statement now than explain the problem later.	Ich würde den Kontoauszug lieber jetzt ersetzen, als das Problem später zu erklären.
The reason I kept the warranty was that it might be useful later.	Der Grund, warum ich die Garantie behalten habe, war, dass sie später nützlich sein könnte.
It is possible that the rental contract was accidentally sent.	Es ist möglich, dass der Mietvertrag versehentlich geschickt wurde.
The moment the health insurance card becomes reasonable, please call me.	In dem Moment, in dem die Versichertenkarte vernünftig wird, ruf mich bitte an.
I was disappointed that the replacement part was still confusing as soon as possible.	Ich war enttäuscht, dass das Ersatzteil so schnell wie möglich immer noch verwirrend war.
My colleague managed to explain why the suitcase was so available.	Meine Kollegin schaffte es zu erklären, warum der Koffer so verfügbar war.
Do you know whether the delivery address has finally been returned?	Weißt du, ob die Lieferadresse endlich zurückgegeben wurde?
There is a chance that the bank statement will be checked tomorrow.	Es besteht die Möglichkeit, dass der Kontoauszug morgen überprüft wird.
I have been wondering whether the warranty is still convenient.	Ich frage mich schon länger, ob die Garantie noch praktisch ist.
We cannot move forward until the rental contract is explained.	Wir können nicht weitermachen, bis der Mietvertrag erklärt wird.
I was surprised that the instruction manual remained complicated for so long.	Ich war überrascht, dass die Bedienungsanleitung so lange kompliziert blieb.
The receptionist admitted that the monthly subscription had seemed flexible at first.	Die Empfangsdame gab zu, dass das Monatsabo zunächst flexibel gewirkt hatte.
If only I had explained the suitcase before the deadline.	Hätte ich den Koffer doch vor der Frist erklärt.
It would have helped if the delivery address had been renewed sooner.	Es hätte geholfen, wenn die Lieferadresse früher verlängert worden wäre.
I do not remember whether I already mentioned the bank statement.	Ich erinnere mich nicht, ob ich den Kontoauszug bereits erwähnt habe.
The office asked me to bring the application form to the appointment.	Das Büro bat mich, den Antrag zum Termin mitzubringen.
Please compare the complaint with the previous version.	Bitte vergleiche die Beschwerde mit der vorherigen Version.
I need to know whether the instruction manual is valid abroad.	Ich muss wissen, ob die Bedienungsanleitung im Ausland gültig ist.
My colleague reminded me not to throw away the monthly subscription.	Meine Kollegin erinnerte mich daran, das Monatsabo nicht wegzuwerfen.
I would appreciate it if you could send the suitcase again.	Ich wäre dir dankbar, wenn du den Koffer noch einmal schicken könntest.
It was not obvious that the discount code had expired.	Es war nicht offensichtlich, dass der Rabattcode abgelaufen war.
We should ask for clarification before accepting the security deposit.	Wir sollten um Klärung bitten, bevor wir die Kaution akzeptieren.
I could not understand why the application form had been rejected.	Ich konnte nicht verstehen, warum der Antrag abgelehnt worden war.
Our team forgot to attach the complaint to the email.	Unser Team vergaß, die Beschwerde an die E-Mail anzuhängen.
It is worth checking the instruction manual before signing anything.	Es lohnt sich, die Bedienungsanleitung zu prüfen, bevor man etwas unterschreibt.
I was hoping that the appointment would arrive by Friday.	Ich hatte gehofft, dass der Termin bis Freitag ankommen würde.
The manager warned me that the prescription might be delayed.	Die Managerin warnte mich, dass das Rezept sich verspäten könnte.
The instructions explain how the discount code should be used.	Die Anleitung erklärt, wie der Rabattcode verwendet werden sollte.
I am still waiting for someone to approve the security deposit.	Ich warte immer noch darauf, dass jemand die Kaution genehmigt.
Please do not assume that the application form is automatically valid.	Bitte nimm nicht an, dass der Antrag automatisch gültig ist.
I had almost forgotten how important the invitation could become.	Ich hatte fast vergessen, wie wichtig die Einladung werden könnte.
My colleague asked whether the booking confirmation could be sent digitally.	Meine Kollegin fragte, ob die Buchungsbestätigung digital geschickt werden könnte.
The situation became easier once I found the appointment.	Die Situation wurde einfacher, sobald ich den Termin gefunden hatte.
I need a copy of the prescription for my records.	Ich brauche eine Kopie von dem Rezept für meine Unterlagen.
Without the discount code, the process would take much longer.	Ohne den Rabattcode würde der Prozess viel länger dauern.
I was not aware that the utility meter required a signature.	Mir war nicht bewusst, dass der Zähler eine Unterschrift erforderte.
Our team recommended keeping the electricity bill in a safe place.	Unser Team empfahl, die Stromrechnung an einem sicheren Ort aufzubewahren.
It is unclear who is responsible for the invitation.	Es ist unklar, wer für die Einladung verantwortlich ist.
I checked the folder twice, but the booking confirmation was missing.	Ich habe den Ordner zweimal geprüft, aber die Buchungsbestätigung fehlte.
The deadline passed before the appointment could be replaced.	Die Frist verstrich, bevor der Termin ersetzt werden konnte.
I will call again if the weekly schedule has not arrived by noon.	Ich rufe erneut an, falls der Wochenplan bis Mittag nicht angekommen ist.
It is frustrating when the utility meter disappears right before you need it.	Es ist frustrierend, wenn der Zähler genau dann verschwindet, wenn man er braucht.
I would not have noticed the mistake without checking the electricity bill.	Ich hätte den Fehler nicht bemerkt, ohne die Stromrechnung zu prüfen.
The form asks whether the invitation is still valid.	Das Formular fragt, ob die Einladung noch gültig ist.
I had to explain why the refund was submitted late.	Ich musste erklären, warum die Rückerstattung verspätet eingereicht wurde.
The landlord wants to know whether the receipt can be renewed online.	Der Vermieter möchte wissen, ob die Quittung online verlängert werden kann.
If the weekly schedule is missing, the office may reject the request.	Wenn der Wochenplan fehlt, kann das Amt den Antrag ablehnen.
I was careful not to damage the package delivery while packing.	Ich war vorsichtig, die Paketlieferung beim Packen nicht zu beschädigen.
The email says that the utility meter will be reviewed next week.	In der E-Mail steht, dass der Zähler nächste Woche geprüft wird.
I need to ask whether the phone charger is covered by insurance.	Ich muss fragen, ob das Ladegerät von der Versicherung abgedeckt ist.
I was relieved when the password was finally attached.	Ich war erleichtert, als das Passwort endlich angehängt wurde.
Could you please check whether the refund is still temporary?	Könntest du bitte prüfen, ob die Rückerstattung noch vorübergehend ist?
If the receipt becomes convenient, we should discuss it immediately.	Wenn die Quittung praktisch wird, sollten wir es sofort besprechen.
I would have called earlier if the weekly schedule had not been so misleading.	Ich hätte früher angerufen, wenn der Wochenplan nicht so irreführend gewesen wäre.
By the time we arrived, the health insurance card had already been printed.	Als wir ankamen, war die Versichertenkarte bereits ausgedruckt worden.
Nobody expected the replacement part to be this flexible in the shared kitchen.	Niemand hatte erwartet, dass das Ersatzteil in der Gemeinschaftsküche so flexibel sein würde.
Please make sure that the phone charger has been translated before tomorrow.	Bitte stell sicher, dass das Ladegerät vor morgen übersetzt wurde.
The more I thought about the password, the more confusing it seemed.	Je mehr ich über das Passwort nachdachte, desto verwirrend wirkte es.
It is important that the refund not be ignored just because it seems available.	Es ist wichtig, dass die Rückerstattung nicht ignoriert wird, nur weil sie verfügbar wirkt.
I am not sure whether the warranty should be translated today.	Ich bin mir nicht sicher, ob die Garantie heute übersetzt werden sollte.
The customer promised to call me as soon as the rental contract became temporary.	Der Kunde versprach, mich anzurufen, sobald der Mietvertrag vorübergehend wurde.
It turns out that the health insurance card was less convenient than we feared.	Es stellte sich heraus, dass die Versichertenkarte weniger praktisch war, als wir befürchtet hatten.
The technician suggested that the replacement part be scanned before anyone complains.	Der Techniker schlug vor, dass das Ersatzteil eingescannt wird, bevor sich jemand beschwert.
Whether or not the phone charger is complicated, we need a clear answer.	Ob das Ladegerät kompliziert ist oder nicht, wir brauchen eine klare Antwort.
Do not forget to mention that the delivery address has already been cancelled.	Vergiss nicht zu erwähnen, dass die Lieferadresse bereits storniert wurde.
I wish the bank statement were less reasonable, especially after dinner.	Ich wünschte, der Kontoauszug wäre weniger vernünftig, besonders nach dem Abendessen.
The fact that the warranty is confusing does not mean it is useless.	Die Tatsache, dass die Garantie verwirrend ist, bedeutet nicht, dass sie nutzlos ist.
No matter how available the rental contract seems, we should read it carefully.	Egal wie verfügbar der Mietvertrag wirkt, wir sollten alles sorgfältig lesen.
It would be easier if the health insurance card were not quite so reliable.	Es wäre einfacher, wenn die Versichertenkarte nicht ganz so zuverlässig wäre.
Before he leaves, the monthly subscription must be ordered.	Bevor er geht, muss das Monatsabo bestellt werden.
It sounds as if the suitcase had been replaced too late.	Es klingt, als wäre der Koffer zu spät ersetzt worden.
The sooner the delivery address is sent, the easier the situation will be.	Je früher die Lieferadresse geschickt wird, desto einfacher wird die Situation sein.
Unless the bank statement is ordered today, I will have to complain.	Wenn der Kontoauszug heute nicht bestellt wird, muss ich mich beschweren.
I cannot decide whether the warranty is useful or merely flexible.	Ich kann nicht entscheiden, ob die Garantie nützlich oder nur flexibel ist.
Because the complaint had been sent, everyone could relax.	Weil die Beschwerde geschickt worden war, konnten sich alle entspannen.
It remains unclear whether the instruction manual was ever returned.	Es bleibt unklar, ob die Bedienungsanleitung jemals zurückgegeben wurde.
The customer insisted that the monthly subscription be checked immediately.	Der Kunde bestand darauf, dass das Monatsabo sofort überprüft wird.
The document says that the suitcase must be signed within two weeks.	Das Dokument besagt, dass der Koffer innerhalb von zwei Wochen unterschrieben werden muss.
Once the delivery address has been explained, everything should be easier.	Sobald die Lieferadresse erklärt wurde, sollte alles einfacher sein.
Until the security deposit has been checked, we should not make a decision.	Bis die Kaution überprüft wurde, sollten wir keine Entscheidung treffen.
The manager asked me to look at the application form because it seemed misleading.	Die Managerin bat mich, mir den Antrag anzusehen, weil er irreführend wirkte.
I forgot where I put the complaint, although I used it yesterday afternoon.	Ich habe vergessen, wohin ich die Beschwerde gelegt habe, obwohl ich sie gestern Nachmittag benutzt habe.
The problem is that the instruction manual was renewed without asking anyone.	Das Problem ist, dass die Bedienungsanleitung verlängert wurde, ohne jemanden zu fragen.
Had I known that the monthly subscription was reasonable, I would have waited.	Hätte ich gewusst, dass das Monatsabo vernünftig war, hätte ich gewartet.
I am trying to find out why the prescription became so confusing.	Ich versuche herauszufinden, warum das Rezept so verwirrend geworden ist.
We should keep the discount code in case it becomes important later.	Wir sollten den Rabattcode aufbewahren, falls er später wichtig wird.
The customer has trouble explaining why the security deposit is considered reliable.	Der Kunde hat Schwierigkeiten zu erklären, warum die Kaution als zuverlässig gilt.
I was told that the application form needed to be reported immediately.	Mir wurde gesagt, dass der Antrag sofort gemeldet werden musste.
Whenever the complaint seems convenient, I double-check the details.	Wann immer die Beschwerde praktisch wirkt, prüfe ich die Details noch einmal.
The answer depends on whether the booking confirmation is considered misleading.	Die Antwort hängt davon ab, ob die Buchungsbestätigung als irreführend gilt.
I asked whether the appointment could be organized without extra fees.	Ich fragte, ob der Termin ohne zusätzliche Gebühren organisiert werden könnte.
The technician acted as though the prescription were completely flexible.	Der Techniker tat so, als wäre das Rezept völlig flexibel.
It is better to ask twice than to assume that the discount code is reasonable.	Es ist besser, zweimal zu fragen, als anzunehmen, dass der Rabattcode vernünftig ist.
I might have forgotten that the security deposit was already organized.	Ich könnte vergessen haben, dass die Kaution bereits organisiert wurde.
Please let me know once the electricity bill has been translated.	Bitte gib mir Bescheid, sobald die Stromrechnung übersetzt wurde.
Although the invitation looked reliable, it worked better than expected.	Obwohl die Einladung zuverlässig aussah, funktionierte alles besser als erwartet.
I would rather replace the booking confirmation now than explain the problem later.	Ich würde die Buchungsbestätigung lieber jetzt ersetzen, als das Problem später zu erklären.
The reason I kept the appointment was that it might be useful later.	Der Grund, warum ich den Termin behalten habe, war, dass er später nützlich sein könnte.
It is possible that the prescription was accidentally prepared.	Es ist möglich, dass das Rezept versehentlich vorbereitet wurde.
The moment the package delivery becomes complicated, please call me.	In dem Moment, in dem die Paketlieferung kompliziert wird, ruf mich bitte an.
I was disappointed that the utility meter was still flexible during the lunch break.	Ich war enttäuscht, dass der Zähler während der Mittagspause immer noch flexibel war.
My colleague managed to explain why the electricity bill was so reasonable.	Meine Kollegin schaffte es zu erklären, warum die Stromrechnung so vernünftig war.
Do you know whether the invitation has finally been cancelled?	Weißt du, ob die Einladung endlich storniert wurde?
There is a chance that the booking confirmation will be received tomorrow.	Es besteht die Möglichkeit, dass die Buchungsbestätigung morgen erhalten wird.
I have been wondering whether the receipt is still reliable.	Ich frage mich schon länger, ob die Quittung noch zuverlässig ist.
We cannot move forward until the weekly schedule is replaced.	Wir können nicht weitermachen, bis der Wochenplan ersetzt wird.
I was surprised that the package delivery remained convenient for so long.	Ich war überrascht, dass die Paketlieferung so lange praktisch blieb.
The receptionist admitted that the utility meter had seemed misleading at first.	Die Empfangsdame gab zu, dass der Zähler zunächst irreführend gewirkt hatte.
If only I had replaced the electricity bill before the deadline.	Hätte ich die Stromrechnung doch vor der Frist ersetzt.
It would have helped if the password had been sent sooner.	Es hätte geholfen, wenn das Passwort früher geschickt worden wäre.
I do not remember whether I already mentioned the refund.	Ich erinnere mich nicht, ob ich die Rückerstattung bereits erwähnt habe.
The office asked me to bring the receipt to the appointment.	Das Büro bat mich, die Quittung zum Termin mitzubringen.
Please compare the weekly schedule with the previous version.	Bitte vergleiche den Wochenplan mit der vorherigen Version.
I need to know whether the package delivery is valid abroad.	Ich muss wissen, ob die Paketlieferung im Ausland gültig ist.
My colleague reminded me not to throw away the replacement part.	Meine Kollegin erinnerte mich daran, das Ersatzteil nicht wegzuwerfen.
I would appreciate it if you could send the phone charger again.	Ich wäre dir dankbar, wenn du das Ladegerät noch einmal schicken könntest.
It was not obvious that the password had expired.	Es war nicht offensichtlich, dass das Passwort abgelaufen war.
We should ask for clarification before accepting the refund.	Wir sollten um Klärung bitten, bevor wir die Rückerstattung akzeptieren.
I could not understand why the receipt had been rejected.	Ich konnte nicht verstehen, warum die Quittung abgelehnt worden war.
The manager forgot to attach the rental contract to the email.	Die Managerin vergaß, den Mietvertrag an die E-Mail anzuhängen.
It is worth checking the health insurance card before signing anything.	Es lohnt sich, die Versichertenkarte zu prüfen, bevor man etwas unterschreibt.
I was hoping that the replacement part would arrive after several attempts.	Ich hatte gehofft, dass das Ersatzteil nach mehreren Versuchen ankommen würde.
The manager warned me that the phone charger might be delayed.	Die Managerin warnte mich, dass das Ladegerät sich verspäten könnte.
The instructions explain how the password should be used.	Die Anleitung erklärt, wie das Passwort verwendet werden sollte.
I am still waiting for someone to approve the bank statement.	Ich warte immer noch darauf, dass jemand den Kontoauszug genehmigt.
Please do not assume that the warranty is automatically valid.	Bitte nimm nicht an, dass die Garantie automatisch gültig ist.
I had almost forgotten how important the rental contract could become.	Ich hatte fast vergessen, wie wichtig der Mietvertrag werden könnte.
My colleague asked whether the health insurance card could be sent digitally.	Meine Kollegin fragte, ob die Versichertenkarte digital geschickt werden könnte.
The situation became easier once I found the replacement part.	Die Situation wurde einfacher, sobald ich das Ersatzteil gefunden hatte.
I need a copy of the suitcase for my records.	Ich brauche eine Kopie von dem Koffer für meine Unterlagen.
Without the delivery address, the process would take much longer.	Ohne die Lieferadresse würde der Prozess viel länger dauern.
I was not aware that the bank statement required a signature.	Mir war nicht bewusst, dass der Kontoauszug eine Unterschrift erforderte.
Our team recommended keeping the warranty in a safe place.	Unser Team empfahl, die Garantie an einem sicheren Ort aufzubewahren.
It is unclear who is responsible for the rental contract.	Es ist unklar, wer für den Mietvertrag verantwortlich ist.
I checked the folder twice, but the instruction manual was missing.	Ich habe den Ordner zweimal geprüft, aber die Bedienungsanleitung fehlte.
The deadline passed before the monthly subscription could be scanned.	Die Frist verstrich, bevor das Monatsabo eingescannt werden konnte.
I will call again if the suitcase has not arrived by noon.	Ich rufe erneut an, falls der Koffer bis Mittag nicht angekommen ist.
It is frustrating when the bank statement disappears right before you need it.	Es ist frustrierend, wenn der Kontoauszug genau dann verschwindet, wenn man er braucht.
I would not have noticed the mistake without checking the application form.	Ich hätte den Fehler nicht bemerkt, ohne den Antrag zu prüfen.
The form asks whether the complaint is still valid.	Das Formular fragt, ob die Beschwerde noch gültig ist.
I had to explain why the instruction manual was submitted late.	Ich musste erklären, warum die Bedienungsanleitung verspätet eingereicht wurde.
Our team wants to know whether the monthly subscription can be renewed online.	Unser Team möchte wissen, ob das Monatsabo online verlängert werden kann.
If the suitcase is missing, the office may reject the request.	Wenn der Koffer fehlt, kann das Amt den Antrag ablehnen.
I was careful not to damage the discount code while packing.	Ich war vorsichtig, den Rabattcode beim Packen nicht zu beschädigen.
The email says that the security deposit will be reviewed next week.	In der E-Mail steht, dass die Kaution nächste Woche geprüft wird.
I need to ask whether the application form is covered by insurance.	Ich muss fragen, ob der Antrag von der Versicherung abgedeckt ist.
I was relieved when the complaint was finally signed.	Ich war erleichtert, als die Beschwerde endlich unterschrieben wurde.
Could you please check whether the instruction manual is still available?	Könntest du bitte prüfen, ob die Bedienungsanleitung noch verfügbar ist?
If the appointment becomes reliable, we should discuss it immediately.	Wenn der Termin zuverlässig wird, sollten wir es sofort besprechen.
I would have called earlier if the prescription had not been so temporary.	Ich hätte früher angerufen, wenn das Rezept nicht so vorübergehend gewesen wäre.
By the time we arrived, the discount code had already been explained.	Als wir ankamen, war der Rabattcode bereits erklärt worden.
Nobody expected the security deposit to be this misleading during the meeting.	Niemand hatte erwartet, dass die Kaution während der Besprechung so irreführend sein würde.
Please make sure that the application form has been saved before tomorrow.	Bitte stell sicher, dass der Antrag vor morgen gespeichert wurde.
The more I thought about the invitation, the more flexible it seemed.	Je mehr ich über die Einladung nachdachte, desto flexibel wirkte sie.
It is important that the booking confirmation not be ignored just because it seems reasonable.	Es ist wichtig, dass die Buchungsbestätigung nicht ignoriert wird, nur weil sie vernünftig wirkt.
I am not sure whether the appointment should be saved today.	Ich bin mir nicht sicher, ob der Termin heute gespeichert werden sollte.
The customer promised to call me as soon as the prescription became available.	Der Kunde versprach, mich anzurufen, sobald das Rezept verfügbar wurde.
It turns out that the discount code was less reliable than we feared.	Es stellte sich heraus, dass der Rabattcode weniger zuverlässig war, als wir befürchtet hatten.
The technician suggested that the utility meter be printed before anyone complains.	Der Techniker schlug vor, dass der Zähler ausgedruckt wird, bevor sich jemand beschwert.
Whether or not the electricity bill is convenient, we need a clear answer.	Ob die Stromrechnung praktisch ist oder nicht, wir brauchen eine klare Antwort.
Do not forget to mention that the invitation has already been translated.	Vergiss nicht zu erwähnen, dass die Einladung bereits übersetzt wurde.
I wish the booking confirmation were less complicated, especially during the phone call.	Ich wünschte, die Buchungsbestätigung wäre weniger kompliziert, besonders während des Telefonats.
The fact that the appointment is flexible does not mean it is useless.	Die Tatsache, dass der Termin flexibel ist, bedeutet nicht, dass er nutzlos ist.
No matter how reasonable the weekly schedule seems, we should read it carefully.	Egal wie vernünftig der Wochenplan wirkt, wir sollten alles sorgfältig lesen.
It would be easier if the package delivery were not quite so confusing.	Es wäre einfacher, wenn die Paketlieferung nicht ganz so verwirrend wäre.
Before he leaves, the utility meter must be confirmed.	Bevor er geht, muss der Zähler bestätigt werden.
It sounds as if the electricity bill had been scanned too late.	Es klingt, als wäre die Stromrechnung zu spät eingescannt worden.
The sooner the invitation is prepared, the easier the situation will be.	Je früher die Einladung vorbereitet wird, desto einfacher wird die Situation sein.
Unless the refund is cancelled today, I will have to complain.	Wenn die Rückerstattung heute nicht storniert wird, muss ich mich beschweren.
I cannot decide whether the receipt is useful or merely misleading.	Ich kann nicht entscheiden, ob die Quittung nützlich oder nur irreführend ist.
Because the weekly schedule had been prepared, everyone could relax.	Weil der Wochenplan vorbereitet worden war, konnten sich alle entspannen.
It remains unclear whether the package delivery was ever cancelled.	Es bleibt unklar, ob die Paketlieferung jemals storniert wurde.
The customer insisted that the utility meter be received immediately.	Der Kunde bestand darauf, dass der Zähler sofort erhalten wird.
The document says that the phone charger must be ordered within two weeks.	Das Dokument besagt, dass das Ladegerät innerhalb von zwei Wochen bestellt werden muss.
Once the password has been replaced, everything should be easier.	Sobald das Passwort ersetzt wurde, sollte alles einfacher sein.
Until the refund has been sent, we should not make a decision.	Bis die Rückerstattung geschickt wurde, sollten wir keine Entscheidung treffen.
The manager asked me to look at the receipt because it seemed temporary.	Die Managerin bat mich, mir die Quittung anzusehen, weil sie vorübergehend wirkte.
I forgot where I put the weekly schedule, although I used it by Friday.	Ich habe vergessen, wohin ich den Wochenplan gelegt habe, obwohl ich er bis Freitag benutzt habe.
The problem is that the health insurance card was sent without asking anyone.	Das Problem ist, dass die Versichertenkarte geschickt wurde, ohne jemanden zu fragen.
Had I known that the replacement part was complicated, I would have waited.	Hätte ich gewusst, dass das Ersatzteil kompliziert war, hätte ich gewartet.
I am trying to find out why the phone charger became so flexible.	Ich versuche herauszufinden, warum das Ladegerät so flexibel geworden ist.
We should keep the password in case it becomes important later.	Wir sollten das Passwort aufbewahren, falls es später wichtig wird.
The customer has trouble explaining why the refund is considered confusing.	Der Kunde hat Schwierigkeiten zu erklären, warum die Rückerstattung als verwirrend gilt.
I was told that the warranty needed to be checked immediately.	Mir wurde gesagt, dass die Garantie sofort überprüft werden musste.
Whenever the rental contract seems reliable, I double-check the details.	Wann immer der Mietvertrag zuverlässig wirkt, prüfe ich die Details noch einmal.
The answer depends on whether the health insurance card is considered temporary.	Die Antwort hängt davon ab, ob die Versichertenkarte als vorübergehend gilt.
I asked whether the replacement part could be renewed without extra fees.	Ich fragte, ob das Ersatzteil ohne zusätzliche Gebühren verlängert werden könnte.
The technician acted as though the phone charger were completely misleading.	Der Techniker tat so, als wäre das Ladegerät völlig irreführend.
It is better to ask twice than to assume that the delivery address is complicated.	Es ist besser, zweimal zu fragen, als anzunehmen, dass die Lieferadresse kompliziert ist.
I might have forgotten that the bank statement was already attached.	Ich könnte vergessen haben, dass der Kontoauszug bereits angehängt wurde.
Please let me know once the warranty has been saved.	Bitte gib mir Bescheid, sobald die Garantie gespeichert wurde.
Although the rental contract looked confusing, it worked better than expected.	Obwohl der Mietvertrag verwirrend aussah, funktionierte alles besser als erwartet.
I would rather replace the health insurance card now than explain the problem later.	Ich würde die Versichertenkarte lieber jetzt ersetzen, als das Problem später zu erklären.
The reason I kept the monthly subscription was that it might be useful later.	Der Grund, warum ich das Monatsabo behalten habe, war, dass es später nützlich sein könnte.
It is possible that the suitcase was accidentally organized.	Es ist möglich, dass der Koffer versehentlich organisiert wurde.
The moment the delivery address becomes convenient, please call me.	In dem Moment, in dem die Lieferadresse praktisch wird, ruf mich bitte an.
I was disappointed that the bank statement was still misleading last week.	Ich war enttäuscht, dass der Kontoauszug letzte Woche immer noch irreführend war.
My colleague managed to explain why the warranty was so complicated.	Meine Kollegin schaffte es zu erklären, warum die Garantie so kompliziert war.
Do you know whether the complaint has finally been translated?	Weißt du, ob die Beschwerde endlich übersetzt wurde?
There is a chance that the instruction manual will be updated tomorrow.	Es besteht die Möglichkeit, dass die Bedienungsanleitung morgen aktualisiert wird.
I have been wondering whether the monthly subscription is still confusing.	Ich frage mich schon länger, ob das Monatsabo noch verwirrend ist.
We cannot move forward until the suitcase is scanned.	Wir können nicht weitermachen, bis der Koffer eingescannt wird.
I was surprised that the delivery address remained reliable for so long.	Ich war überrascht, dass die Lieferadresse so lange zuverlässig blieb.
The receptionist admitted that the security deposit had seemed temporary at first.	Die Empfangsdame gab zu, dass die Kaution zunächst vorübergehend gewirkt hatte.
If only I had scanned the application form before the deadline.	Hätte ich den Antrag doch vor der Frist eingescannt.
It would have helped if the complaint had been prepared sooner.	Es hätte geholfen, wenn die Beschwerde früher vorbereitet worden wäre.
I do not remember whether I already mentioned the instruction manual.	Ich erinnere mich nicht, ob ich die Bedienungsanleitung bereits erwähnt habe.
The office asked me to bring the monthly subscription to the appointment.	Das Büro bat mich, das Monatsabo zum Termin mitzubringen.
Please compare the prescription with the previous version.	Bitte vergleiche das Rezept mit der vorherigen Version.
I need to know whether the discount code is valid abroad.	Ich muss wissen, ob der Rabattcode im Ausland gültig ist.
My colleague reminded me not to throw away the security deposit.	Meine Kollegin erinnerte mich daran, die Kaution nicht wegzuwerfen.
I would appreciate it if you could send the application form again.	Ich wäre dir dankbar, wenn du den Antrag noch einmal schicken könntest.
It was not obvious that the complaint had expired.	Es war nicht offensichtlich, dass die Beschwerde abgelaufen war.
We should ask for clarification before accepting the booking confirmation.	Wir sollten um Klärung bitten, bevor wir die Buchungsbestätigung akzeptieren.
I could not understand why the appointment had been rejected.	Ich konnte nicht verstehen, warum der Termin abgelehnt worden war.
The manager forgot to attach the prescription to the email.	Die Managerin vergaß, das Rezept an die E-Mail anzuhängen.
It is worth checking the discount code before signing anything.	Es lohnt sich, den Rabattcode zu prüfen, bevor man etwas unterschreibt.
I was hoping that the security deposit would arrive this morning.	Ich hatte gehofft, dass die Kaution heute Morgen ankommen würde.
My neighbor warned me that the electricity bill might be delayed.	Mein Nachbar warnte mich, dass die Stromrechnung sich verspäten könnte.
The instructions explain how the invitation should be used.	Die Anleitung erklärt, wie die Einladung verwendet werden sollte.
I am still waiting for someone to approve the booking confirmation.	Ich warte immer noch darauf, dass jemand die Buchungsbestätigung genehmigt.
Please do not assume that the appointment is automatically valid.	Bitte nimm nicht an, dass der Termin automatisch gültig ist.
I had almost forgotten how important the prescription could become.	Ich hatte fast vergessen, wie wichtig das Rezept werden könnte.
My colleague asked whether the package delivery could be sent digitally.	Meine Kollegin fragte, ob die Paketlieferung digital geschickt werden könnte.
The situation became easier once I found the utility meter.	Die Situation wurde einfacher, sobald ich den Zähler gefunden hatte.
I need a copy of the electricity bill for my records.	Ich brauche eine Kopie von der Stromrechnung für meine Unterlagen.
Without the invitation, the process would take much longer.	Ohne die Einladung würde der Prozess viel länger dauern.
I was not aware that the booking confirmation required a signature.	Mir war nicht bewusst, dass die Buchungsbestätigung eine Unterschrift erforderte.
The manager recommended keeping the receipt in a safe place.	Die Managerin empfahl, die Quittung an einem sicheren Ort aufzubewahren.
It is unclear who is responsible for the weekly schedule.	Es ist unklar, wer für den Wochenplan verantwortlich ist.
I checked the folder twice, but the package delivery was missing.	Ich habe den Ordner zweimal geprüft, aber die Paketlieferung fehlte.
The deadline passed before the utility meter could be updated.	Die Frist verstrich, bevor der Zähler aktualisiert werden konnte.
I will call again if the electricity bill has not arrived by noon.	Ich rufe erneut an, falls die Stromrechnung bis Mittag nicht angekommen ist.
It is frustrating when the refund disappears right before you need it.	Es ist frustrierend, wenn die Rückerstattung genau dann verschwindet, wenn man sie braucht.
I would not have noticed the mistake without checking the receipt.	Ich hätte den Fehler nicht bemerkt, ohne die Quittung zu prüfen.
The form asks whether the weekly schedule is still valid.	Das Formular fragt, ob der Wochenplan noch gültig ist.
I had to explain why the package delivery was submitted late.	Ich musste erklären, warum die Paketlieferung verspätet eingereicht wurde.
Our team wants to know whether the replacement part can be renewed online.	Unser Team möchte wissen, ob das Ersatzteil online verlängert werden kann.
If the phone charger is missing, the office may reject the request.	Wenn das Ladegerät fehlt, kann das Amt den Antrag ablehnen.
I was careful not to damage the password while packing.	Ich war vorsichtig, das Passwort beim Packen nicht zu beschädigen.
The email says that the refund will be reviewed next week.	In der E-Mail steht, dass die Rückerstattung nächste Woche geprüft wird.
I need to ask whether the receipt is covered by insurance.	Ich muss fragen, ob die Quittung von der Versicherung abgedeckt ist.
I was relieved when the rental contract was finally ordered.	Ich war erleichtert, als der Mietvertrag endlich bestellt wurde.
Could you please check whether the health insurance card is still reasonable?	Könntest du bitte prüfen, ob die Versichertenkarte noch vernünftig ist?
If the replacement part becomes confusing, we should discuss it immediately.	Wenn das Ersatzteil verwirrend wird, sollten wir es sofort besprechen.
I would have called earlier if the phone charger had not been so available.	Ich hätte früher angerufen, wenn das Ladegerät nicht so verfügbar gewesen wäre.
By the time we arrived, the password had already been replaced.	Als wir ankamen, war das Passwort bereits ersetzt worden.
Nobody expected the bank statement to be this temporary in the shared kitchen.	Niemand hatte erwartet, dass der Kontoauszug in der Gemeinschaftsküche so vorübergehend sein würde.
Please make sure that the warranty has been returned before tomorrow.	Bitte stell sicher, dass die Garantie vor morgen zurückgegeben wurde.
The more I thought about the rental contract, the more misleading it seemed.	Je mehr ich über den Mietvertrag nachdachte, desto irreführend wirkte er.
It is important that the health insurance card not be ignored just because it seems complicated.	Es ist wichtig, dass die Versichertenkarte nicht ignoriert wird, nur weil sie kompliziert wirkt.
I am not sure whether the replacement part should be explained today.	Ich bin mir nicht sicher, ob das Ersatzteil heute erklärt werden sollte.
The customer promised to call me as soon as the suitcase became reasonable.	Der Kunde versprach, mich anzurufen, sobald der Koffer vernünftig wurde.
It turns out that the delivery address was less confusing than we feared.	Es stellte sich heraus, dass die Lieferadresse weniger verwirrend war, als wir befürchtet hatten.
The technician suggested that the bank statement be explained before anyone complains.	Der Techniker schlug vor, dass der Kontoauszug erklärt wird, bevor sich jemand beschwert.
Whether or not the warranty is reliable, we need a clear answer.	Ob die Garantie zuverlässig ist oder nicht, wir brauchen eine klare Antwort.
Do not forget to mention that the rental contract has already been saved.	Vergiss nicht zu erwähnen, dass der Mietvertrag bereits gespeichert wurde.
I wish the instruction manual were less convenient, especially after dinner.	Ich wünschte, die Bedienungsanleitung wäre weniger praktisch, besonders nach dem Abendessen.
The fact that the monthly subscription is misleading does not mean it is useless.	Die Tatsache, dass das Monatsabo irreführend ist, bedeutet nicht, dass es nutzlos ist.
No matter how complicated the suitcase seems, we should read it carefully.	Egal wie kompliziert der Koffer wirkt, wir sollten alles sorgfältig lesen.
It would be easier if the delivery address were not quite so flexible.	Es wäre einfacher, wenn die Lieferadresse nicht ganz so flexibel wäre.
Before she leaves, the bank statement must be attached.	Bevor sie geht, muss der Kontoauszug angehängt werden.
It sounds as if the application form had been printed too late.	Es klingt, als wäre der Antrag zu spät ausgedruckt worden.
The sooner the complaint is organized, the easier the situation will be.	Je früher die Beschwerde organisiert wird, desto einfacher wird die Situation sein.
Unless the instruction manual is translated today, I will have to complain.	Wenn die Bedienungsanleitung heute nicht übersetzt wird, muss ich mich beschweren.
I cannot decide whether the monthly subscription is useful or merely temporary.	Ich kann nicht entscheiden, ob das Monatsabo nützlich oder nur vorübergehend ist.
Because the suitcase had been organized, everyone could relax.	Weil der Koffer organisiert worden war, konnten sich alle entspannen.
It remains unclear whether the discount code was ever translated.	Es bleibt unklar, ob der Rabattcode jemals übersetzt wurde.
The customer insisted that the security deposit be updated immediately.	Der Kunde bestand darauf, dass die Kaution sofort aktualisiert wird.
The document says that the application form must be confirmed within two weeks.	Das Dokument besagt, dass der Antrag innerhalb von zwei Wochen bestätigt werden muss.
Once the complaint has been scanned, everything should be easier.	Sobald die Beschwerde eingescannt wurde, sollte alles einfacher sein.
Until the instruction manual has been prepared, we should not make a decision.	Bis die Bedienungsanleitung vorbereitet wurde, sollten wir keine Entscheidung treffen.
I made a note that the appointment was confusing and should be checked again.	Ich habe notiert, dass der Termin verwirrend war und noch einmal geprüft werden sollte.
I made a note that the receipt was reliable and should be checked again.	Ich habe notiert, dass die Quittung zuverlässig war und noch einmal geprüft werden sollte.
I made a note that the warranty was convenient and should be checked again.	Ich habe notiert, dass die Garantie praktisch war und noch einmal geprüft werden sollte.
I made a note that the application form was complicated and should be checked again.	Ich habe notiert, dass der Antrag kompliziert war und noch einmal geprüft werden sollte.
I made a note that the electricity bill was reasonable and should be checked again.	Ich habe notiert, dass die Stromrechnung vernünftig war und noch einmal geprüft werden sollte.
I made a note that the phone charger was annoying and should be checked again.	Ich habe notiert, dass das Ladegerät ärgerlich war und noch einmal geprüft werden sollte.
I made a note that the suitcase was accurate and should be checked again.	Ich habe notiert, dass der Koffer genau war und noch einmal geprüft werden sollte.
I made a note that the prescription was essential and should be checked again.	Ich habe notiert, dass das Rezept wesentlich war und noch einmal geprüft werden sollte.
EOF
